stress_level,sleep_hours,daily_steps,water_intake,hrv,age,bmi,synthetic_risk
2,4.931248795713108,5899,3.3876409045809184,57,69,27.946142871868844,0.4875207269816057
4,7.735638567389301,13697,1.779390374128356,83,51,22.31894566646589,0.09980467606182315
9,6.863898207245235,7454,2.229406387496395,70,67,31.821033852022993,0.7974552469031068
9,4.58777161327527,2781,2.7477386690104746,80,72,19.48114325553221,0.700687121968609
3,6.065386018684416,4169,3.7963450703065176,30,27,32.391326713078456,0.6993117898644629
5,8.001492762455594,2278,2.1265241242607775,45,30,20.08075951329673,0.4636050993749873
6,6.958556593368801,14283,0.5512257803173397,55,58,23.6037634922942,0.2234989655551638
5,5.670403507740176,11379,3.7610980559499936,93,66,18.519846493041754,0.35658043755587093
2,6.799313045234447,5323,2.7940658355253283,55,53,22.658689000285005,0.264622342347047
8,8.790419107617112,8323,0.7600369939699303,98,49,20.37432983619087,0.396558963822648
4,9.538090317522583,10900,1.5408408423850541,54,64,19.386708050298324,0.20701123001599198
8,9.209640958368581,11047,1.633834783385716,98,33,26.888343884608567,0.4388703170877717
2,4.132919266900694,2638,1.9427600963609866,88,67,31.569035490441372,0.7169544404082754
2,9.226880537814171,9908,3.6192013139177455,51,52,32.34665909821597,0.4463435642433354
1,8.191845533303237,3010,1.2853653141055943,85,57,23.76228864117667,0.2906228453092815
7,9.777277047231651,10671,0.6629334908505986,66,22,24.786343438721975,0.32178986430033857
5,9.851231885804854,14853,3.0984521159892178,37,42,21.366792104196367,0.0683827120773656
8,7.712701095321157,13289,2.0417317930362486,75,59,26.588313273944543,0.4099881604253477
3,5.247118946032598,11414,1.2546832188876624,74,56,33.20714009130928,0.5735704532120208
1,7.901520082010704,8543,1.0427450034307328,71,38,21.933419850396234,0.10245266195848371
9,7.024250374794363,1295,1.3658554617295326,72,52,32.93062994029425,0.9826481659697357
9,9.018991957391092,11674,1.050013044803072,25,23,20.588608301181402,0.3385341676467242
5,6.2428793408806325,6072,1.5431002310520434,79,75,28.079393749642254,0.5652236487025102
8,8.196597188317178,2153,3.647621451687221,85,61,25.384236782204013,0.6237693929730045
6,7.877668297471268,9415,1.4649782296355913,40,72,21.708681049701088,0.27135502565496766
5,6.954229602319907,3558,2.8861088854853976,75,56,30.239935774497646,0.6871091346421315
2,4.522754164612497,10680,1.7792368053419132,58,43,21.8841470517157,0.17049915004494073
1,5.883468583152922,1779,0.5302091969434635,79,25,23.26772253743195,0.35823076665638254
6,9.287695029975545,2468,3.9283634535795278,41,31,32.96357334491183,0.7920421335997724
4,8.077232215435565,2659,3.3371905206594765,43,33,18.12097705504093,0.48735969460682055
4,8.002355911233352,2405,3.0506729207289713,70,28,19.631479725806926,0.4405511247016123
7,9.677529447580412,5008,3.2201150429155927,72,54,34.90711041274015,0.8279415513559839
3,7.2395329938406885,14662,3.632902195703217,42,21,26.012590883039838,0.1861189760937765
6,4.906363203793487,2011,3.6699622110641137,99,26,34.62280744622484,0.9691183404745435
1,5.938109448421584,3717,1.5685442277391661,50,34,29.13444863668945,0.5227465326954707
6,4.211873624224755,6007,2.8675445489741613,42,32,26.471394192753618,0.59383755933438
2,5.694233465081976,1386,1.2561010013312424,99,62,25.25142593424946,0.480462504120778
3,7.974707255316412,2772,1.9894258651440786,52,79,29.00661803043645,0.5642330063015342
2,8.907980467186981,14096,3.7706116482978658,94,72,23.677844868327398,0.03858977109832658
2,7.0397178732721075,12779,3.205789446604454,26,38,32.38051915196037,0.4310446960433672
4,7.11710022391476,3561,3.81110272028763,27,30,28.571326562349128,0.5863620210402686
9,5.7946033996634,8536,2.9301579957403163,40,42,30.213813120780394,0.7388855872386653
9,8.789814222435824,14655,3.167915716524522,57,72,34.55295645818276,0.6759185073091016
3,5.344514316941099,10586,0.8372597475831693,71,47,25.539067337194346,0.31325524540972016
9,8.090159975451952,12672,2.472806166812022,20,75,30.547008568935524,0.5955325187111982
1,8.679892903018285,13178,2.565410029725624,92,36,29.8356291143377,0.2532597402450605
8,8.64448433864918,8737,2.0914688788204816,61,26,32.841203690428344,0.7241486547970198
4,6.528001858819746,6192,2.392166022720818,47,40,19.55979746295409,0.38725987503609033
3,9.357022861221674,12555,3.541621119637851,88,57,28.867350316484437,0.2893520268242613
1,7.476696335378426,1854,3.4733099501590416,78,64,34.06549568011878,0.7093397305386484
7,6.672326326507209,7708,2.0410885792227162,88,60,22.887063410743178,0.39958425596591607
1,6.448049111263727,9785,2.8540236279290085,64,43,23.36960122122236,0.15479849824616138
3,9.513924494580586,8381,3.2313627785008032,85,33,19.976358189996766,0.2108463098782378
4,9.816048303306765,1154,1.0835061619189563,40,76,31.799111796872644,0.6963154496366233
3,8.09351688781133,8222,0.8377360501140563,48,71,25.585724891718865,0.3056422403998568
9,8.177582517267066,14544,0.53366543245119,22,69,21.078897834044724,0.27173591254254525
4,4.503096887673553,12778,3.4237099114606244,23,66,28.936243730688947,0.44001568515197875
6,8.865829000614216,5414,3.8811334750629514,73,73,25.703858452923445,0.4678727713297937
6,6.455700474786506,3881,1.7379412376243017,96,74,30.00851123312034,0.7192124236095253
5,7.450927944223067,9746,2.4116637026159724,43,79,18.77087476968143,0.34391530138021664
2,5.792825157269516,1256,0.6368928629730003,76,53,32.67118222736467,0.7501916920481199
5,7.819092342519581,7650,2.167923573504496,83,27,30.093848205517606,0.5620207611640513
8,7.288722513204742,6524,2.7722692293897078,68,21,32.58826376352677,0.8012257995522186
7,9.892694154540498,9425,2.8274075601648665,29,34,33.23401759826233,0.6553454044186976
6,4.629439681065225,1775,1.980581933821517,73,25,21.371795985112534,0.5467033720903716
8,8.912650576199844,1076,1.2691795525641987,60,50,25.00319012244797,0.6186792527539015
6,5.3897960272840475,14838,1.1515118311342059,72,27,21.94991619383494,0.19167682009340103
1,6.38717195963595,8702,3.660675049911505,74,74,29.255773905400837,0.39581951959818934
4,5.273505404779828,6426,1.3939255258155976,53,59,24.498272290266335,0.41402729701081237
8,7.490049949837098,6185,3.749609868591813,23,70,29.66567274436698,0.6986074447480857
6,6.545311689936149,10493,3.848691970442004,60,75,22.800566462811865,0.2959625631776144
8,9.065831522613086,7106,1.0702208356831757,96,28,18.60985242431864,0.4832775855226077
8,5.754892653321894,9424,1.8038966729242782,49,40,33.09383194303435,0.786536650480498
9,9.014135645504469,12563,3.509604176690882,43,49,33.57376841227577,0.6855586487925889
9,6.932191238900027,3388,2.9325977057521526,91,78,21.666525675628815,0.5501388089576056
1,8.71575844352307,6646,2.86994578279898,48,76,23.006056575961225,0.16267631247330777
3,7.380911554547116,14377,0.5277005346575661,71,61,26.55319584479627,0.20918709849064693
4,5.308176880292694,10155,1.1528616201636774,27,50,32.408560910155856,0.6098227605079419
5,9.55693437251223,4369,0.5580177592942652,57,66,25.032341687231504,0.4158319726144042
1,8.608344602056478,5276,2.580284473960662,73,50,25.873772470735013,0.30233724651086485
9,9.298761110867972,10742,2.3044182368582553,60,46,31.963304166620787,0.6643080569315823
1,8.373621068701162,14070,3.7060912627324623,30,20,25.37887539561163,0.07754472249424094
1,9.541825949438678,7286,2.4522782402614314,79,60,25.368618009139787,0.21288994215486773
9,7.843240391565119,11799,2.9646237097553385,52,48,27.14138223423253,0.4991418621301374
5,7.646131982972539,12565,3.8696752771587275,79,62,22.2200496890088,0.16199035880879187
2,8.003798207637956,10989,2.73847329909409,27,38,27.892617288036625,0.2883158683507364
1,6.528729817077263,14015,1.4083189238370413,63,61,24.80548319842643,0.10267366548193901
8,4.653147656285821,6320,2.365433651461621,39,65,19.074928918509542,0.5920550310866132
3,8.536788207453371,12987,2.290194274845126,53,41,18.527419960363673,0.17567226089371019
8,5.866890147406769,11852,1.3460803421584275,75,26,20.258841394414862,0.3861130485895573
7,8.544878533619196,4039,3.6737325437015476,95,72,30.250226062184808,0.7099176456427345
2,8.630670278678927,1333,2.021160603365743,92,34,20.05624660827381,0.3633745868721608
5,7.182205002153277,7019,1.5103891738956237,81,56,27.762480782659274,0.5081485062596546
3,4.096905985391463,13333,1.7021460675992677,53,53,31.147311858861173,0.48032128089235665
7,9.585315374191495,11975,2.2585976260026706,70,75,33.46096482692681,0.6093748822660392
9,7.377553449737954,1177,1.8300794301772858,45,59,24.984150817074276,0.6888974633983657
3,9.20495363762053,13879,1.7393833727672137,87,25,30.779831373739412,0.33035841103757424
3,6.229399794686659,7398,3.0385023339902903,47,43,27.483326173097602,0.43939509426046325
8,9.23297595383316,14894,2.116559384152739,35,24,32.545527565962324,0.5504117790571832
3,9.91669470341723,5965,1.8801065885388155,88,73,18.641523981782715,0.3078885380718784
4,6.476806486687042,14357,1.972731753824786,76,34,19.002424616146598,0.21137842832226558
3,7.089005481147684,6676,2.471991379498827,86,28,31.447937108291324,0.5797888457570453
7,6.087419446099209,12761,0.5431134727049738,83,78,19.76722977637109,0.3403863355800077
2,5.8986744742182635,12519,3.4963018358757694,36,63,31.10525191597622,0.41867462464642025
7,8.97200327228474,12675,1.422379445329103,94,54,21.31313929954995,0.21671284427124185
4,4.807866926260585,1459,2.0126617999272627,42,38,33.40677092134693,0.8682558518092334
7,5.52892845714932,2322,2.50931545836275,33,26,19.347981138246205,0.6213609520822061
8,5.800310336648465,9774,2.6600613630867453,41,34,21.90021482687702,0.3784404936436154
5,8.017416209752113,7310,1.8067781112082717,83,69,28.071339079675685,0.49212761179239656
5,4.958465543259832,7077,0.5215972022070352,25,29,24.70437932484374,0.44963016675579104
3,7.868867875731016,5700,2.0675898182879537,33,52,20.74660396405644,0.2874724018453452
8,7.789258205506779,10108,1.6184265427335247,47,37,26.51389107003878,0.48231546146390253
6,7.917755058399344,2014,1.3868990274715816,57,71,20.854776734878463,0.48020088165805674
6,5.776970068172749,10865,1.9312534098672995,57,22,30.232688744550103,0.5749593769768075
2,4.32949010354517,11806,3.986640186786008,87,56,18.223714377120125,0.28065034466249583
6,6.987679323548078,9601,1.9490046067049613,20,20,23.95033375200674,0.3485085198727246
1,7.269266785413897,3728,1.2887638869286695,46,68,18.81769971222798,0.3470430881313566
3,4.5669178554874055,13330,1.3687360325918463,73,48,30.300940076544514,0.4383535630577234
8,6.597521919606445,9119,2.5371214008539487,23,36,23.280700520305913,0.41781247720884035
1,6.066158705935995,6805,3.4518068682272602,95,20,32.46270384221252,0.5656752282463671
7,5.909490739192368,6738,0.9796918963911292,37,56,28.817577441682882,0.6564460475543032
8,4.243987457106601,6464,3.1286373273893786,49,66,20.95753663914229,0.5302176250370517
3,8.647804300803283,4678,2.903901402796261,83,48,27.689219282780957,0.4541474953832792
9,9.832897540388238,12626,3.102011281132121,79,28,28.80839784943499,0.4915018507866741
7,4.5325881878880185,11922,1.0364929179122466,62,61,34.96955243566366,0.7874522231238873
5,4.955699047572152,7929,1.6644961607517161,36,30,33.492748757932326,0.7476898227730905
3,7.13900963382342,10307,3.5908122761405195,47,42,25.450320071754767,0.27341309777640566
6,4.25998752585169,5288,3.035771453761382,54,63,32.718030129773844,0.836494780674335
1,4.696460583750032,3374,0.8164263044886636,57,73,29.68777251859281,0.5811010671366621
2,9.86791324053339,5205,2.407699531525434,80,59,29.81229702191513,0.45263724171957953
8,6.80308827746585,5826,3.946899903590619,87,38,20.734271663982717,0.4918838104268678
1,5.119517324522226,13328,0.7128928251767312,41,23,18.884352439649273,0.1645765074627613
6,6.022599922515425,7208,1.3031878443559304,81,43,32.05112562324304,0.7233213526856885
4,6.362827154849645,13362,2.8656397695789204,33,76,28.89264924309359,0.3793776735972637
6,4.439693238631048,10788,2.0772170949247184,44,53,28.779762288611966,0.5564688762637559
9,6.591982957094272,6897,3.3327556303359565,70,65,19.194244906119923,0.5631800464894124
4,7.275770459571218,13490,0.9570315905522075,51,61,21.108960363104035,0.13665960669654756
2,7.3415097493279085,2122,2.1600720709035794,43,33,27.7433246662738,0.5131984736524169
6,7.6761151119400735,1781,2.1360566345353913,85,44,21.450641930593214,0.4700710839076988
1,7.758943729382596,8277,2.6933808053905,21,68,30.6319062930887,0.4228244001752266
1,7.666416226886653,12316,1.7498289214436504,88,61,34.01046097525303,0.4499243227448491
8,9.741677011547896,2513,1.523953814608363,36,58,26.00001153921623,0.6000514481614557
8,7.527873455429879,12547,2.611151236402189,75,26,34.86755450041257,0.732513758355903
1,4.738358769715822,9420,1.1989053708829598,95,44,33.66855143028195,0.5782800548132675
8,8.391791375357963,5384,0.7508792430884964,83,71,31.97205763919844,0.7797805129548093
8,5.318404367722314,12973,1.7705708172458596,50,61,27.270762489958425,0.5002271163562269
5,7.5322359132953585,4215,2.7694181284327932,45,55,26.61458199242096,0.5258416897043914
1,4.72772144714282,1519,2.3824460797540388,67,45,34.75273479443401,0.8087830119261699
9,7.771244309795008,7839,1.355840035820097,79,72,21.820748896723693,0.41670329501167164
3,9.155928781930005,13767,1.2335386413508953,96,35,23.21469704016736,0.06000972810185163
1,6.321672711541893,6651,0.761648205955098,59,32,21.850192181392508,0.1893739282911482
2,9.704523378579555,9469,0.755308107915282,33,72,21.373258424180676,0.09305746174162648
9,7.490533384948522,3581,2.9423782533268423,49,36,25.157529094839006,0.6343546043996098
9,4.1722348425560325,12185,3.8084595956789604,77,29,26.257715710109224,0.5464972849256091
8,4.170913692999356,11283,2.738300169220215,41,34,27.340866121044364,0.5713421157901836
8,6.716195698912207,13467,2.396053712947295,62,72,30.946961295144817,0.5877723269776898
6,5.0065895904078985,4244,2.4428111483951107,21,49,24.3466559779252,0.5402152036744482
3,9.39118258220718,11839,2.986187260336042,20,44,27.797670290082806,0.267053602907154
3,9.834188452649101,11243,2.4993628089659765,31,49,25.78916920634544,0.19794177487012365
4,6.399181108078815,6680,2.6350059985445045,23,24,31.070499393085072,0.6189313963555985
1,7.361013237673378,9519,1.1013326068209497,89,51,22.18430713061827,0.09619575457756054
7,5.14887521011166,3407,2.5102515638166443,41,39,22.264910421201968,0.5177905265307208
3,5.779591865982598,1089,3.079097198301941,35,73,25.319737879535012,0.5243041323547882
3,7.912389890915659,9944,3.361347658152144,88,21,22.38362258945079,0.15232600077801653
6,4.628024565277511,13427,1.4162982906416857,50,41,25.869320694261795,0.3826356244552657
2,9.348237693665826,12505,0.959863369311172,44,23,33.579860510911935,0.42535317382474014
6,9.29439654316956,6101,1.5635858239126526,90,67,33.250796293265346,0.7144933656115379
7,7.916707628115551,3683,3.8354753968959243,94,32,32.09960533895465,0.8007431175809004
6,8.458176113644377,2143,2.0784141363920847,98,55,31.585563499037463,0.7699898244342996
5,6.422210585874373,14869,1.4450284621233966,41,47,32.70562627691623,0.5159958448500622
4,9.035790604471536,9821,2.686466635232497,80,53,32.98409496690084,0.5486726342359063
2,6.159628529065374,1790,3.381432839524657,84,76,34.875582016609926,0.8083326292575925
5,8.796341236427555,6598,2.3092207738961754,45,45,20.332795897925656,0.3308579795217962
9,8.945934557073794,8605,3.342952451203672,67,59,22.801675096330328,0.392365790598046
9,9.840123641083492,5285,3.7562768647617784,31,72,27.59905416374039,0.6248979837991085
4,4.698685572775992,11517,2.3213694789457673,48,48,34.05331883162283,0.6512602211174305
6,4.186348891994215,7249,1.1389443842312956,63,61,22.78679494098369,0.43087027453069426
6,9.431309668457331,11694,2.788947558333673,47,29,28.3950814661771,0.39999615246854
7,6.167402004121243,13400,0.8138218357266682,30,79,18.064476493341704,0.3847363860276255
8,7.88580911152047,4528,1.472001173122932,66,31,28.833296021203573,0.698913779988848
7,6.085761027433178,11123,0.9157292353388026,33,67,22.84059389388329,0.3295448617765698
2,5.133504194175186,1043,3.14693239073976,20,21,21.288606953133264,0.4102253974792416
9,5.41906374773763,10051,3.051136434085811,90,28,28.25985427400808,0.6405161661481625
9,4.381726882098812,3353,1.8638270418112834,38,46,25.339892116679145,0.721606044520392
5,7.181768556524136,5163,2.8509875215746114,94,69,32.80863624157856,0.735938890507151
3,9.679935792332174,6478,1.7609371787872357,73,35,33.70690273257951,0.6038475561809022
3,4.617482395202016,3304,2.6621019313043996,77,46,31.919295743391835,0.7380964115807854
7,5.302766119736853,8212,1.4191730945154735,92,54,23.953903776502123,0.4591758053380077
2,8.373022493251433,8353,3.344175176858235,83,25,27.74966152819976,0.33791486852158725
1,6.7101194028450495,12839,3.109042729535482,63,74,25.306596546454887,0.14487606669359648
7,5.6790755498534535,1807,3.1767515363641055,22,23,25.8557910308701,0.6738157473985009
1,5.409094607440589,2300,2.3497228206887675,49,48,18.65278560976799,0.43248664867558423
6,6.518611424143155,11246,2.2241337731760416,63,64,23.979058400191477,0.3211310244700214
2,5.029245367458103,2367,3.4651963877158187,37,71,23.16850070142214,0.39731828075883474
4,8.209829648793889,11084,3.2848606745017266,69,22,21.66858800492162,0.1519452336199635
6,7.09704953728002,10750,2.6536392120550207,40,67,34.215653668460924,0.6902208058790456
5,6.881516693576226,7905,2.1417631973626277,94,39,23.84573230941319,0.35201903304255777
2,7.49908864182043,5276,2.7456016435916717,66,63,19.656589745039845,0.309918747327592
8,8.262532768944997,13197,1.7837240192507147,95,34,21.92618230778149,0.23527084678418775
8,4.926538724172271,2408,3.6062643735134654,79,22,25.394282005500678,0.6969985279617537
2,4.374044949180965,7981,3.8600086881542075,97,52,33.42841432800558,0.6494062205183982
5,5.533100642482933,12715,2.6004655631264266,71,36,28.525350420394318,0.4380015154645365
9,6.474366245847962,13407,1.7921930941102113,52,45,24.90338729187123,0.41223438564998416
9,4.3064859692294535,1553,0.624993088393212,64,24,20.932734014826245,0.6845411212750315
7,6.842756626749729,1953,3.5537590518019595,51,20,25.14605460142877,0.6164363273982663
1,7.659440065954162,4672,1.016483379560027,32,49,32.011776909569,0.5623722785670898
2,8.938479253976237,11080,1.3869776672126781,75,47,28.654721622389168,0.2911549004955668
7,8.54586202375415,5676,3.573749528630614,70,75,21.306787686916895,0.3963866603795181
1,4.879188923989076,8600,3.077361051087132,52,63,30.82034416830765,0.49144452889456375
4,4.299946429731168,10881,2.7823384777062694,64,66,34.93688116939739,0.7082963951514576
7,7.15994416076748,5565,1.8458508978205046,35,53,31.609633865247766,0.7557877707467333
9,4.336857671513056,4503,2.228575710724609,61,29,26.231023239904008,0.727202303072327
5,5.584368566370563,2029,1.8582501695116314,54,64,27.235578995901434,0.6482564353135661
6,9.417879305082536,12524,1.263575335268477,42,29,23.689760072258224,0.20969167189212284
6,6.570779256485242,8829,3.8459508833095373,64,68,19.2692833443395,0.40552999486630265
7,5.612033767864949,2830,3.1016181669862104,69,74,31.367259606374517,0.8505067721994253
3,8.302224204237497,9268,1.052521895485103,87,34,32.288780646790855,0.5183090625173127
8,5.913866176482517,2799,2.0907472972339125,42,33,23.036783190773157,0.5782278596957919
6,6.956220417891307,14612,1.3982232177060872,38,65,19.016710388579302,0.26561303430980876
7,6.962187346351625,12678,3.8894881679928996,94,78,26.76703060508177,0.4131199589190508
6,5.550694301403734,12873,1.9508081169821887,62,23,21.604408691346485,0.24780142195505728
9,4.156034214523707,7985,2.8019435318596497,65,55,30.14164309489875,0.7891847561612395
4,9.41550969691567,6082,0.6504926244298961,96,25,34.76624266737457,0.6944602659161562
3,7.285868812367549,14392,1.9207209571250548,67,72,28.48707787961585,0.28122575368059055
8,7.255096239889262,4829,3.8128231157184596,42,27,19.4959358782295,0.5499449820568468
2,9.556061776756412,4470,0.7948049796471981,56,33,30.495624412181673,0.5027075103267564
1,5.640659214532988,1149,2.6973832516358276,31,72,29.052355351183664,0.5890200116631057
7,4.465587915808204,12711,2.606906176713828,87,40,21.400985785011958,0.32156499729118265
4,5.514227619841887,5092,0.6639867654866781,34,45,24.00567653073802,0.4225917071633329
4,7.354913109524122,10495,0.9258015554092547,92,77,34.11924427686604,0.6141556377437056
7,5.201662218648638,4267,3.394853331668293,33,38,30.773177058941236,0.8041604070203281
2,4.055853575094645,14786,0.7538339054699128,95,21,32.716776863698804,0.466842121264672
1,6.516386659870829,6327,1.1161233190899118,57,52,18.652132954550147,0.30842974853039606
3,9.715065652770049,6219,1.8614925488337053,86,60,19.81511865405017,0.2640794521681512
5,6.827724126499784,9845,0.5370713698909504,59,59,28.64175592214795,0.4802934393647218
5,9.432672023519796,5882,2.5116658886756067,31,26,23.855086106290553,0.33959417065926756
4,4.081741970078381,14780,2.211994742361342,86,29,34.50842182420642,0.6038106400776723
4,7.546847345533121,10747,2.0437909945154935,87,79,18.714066785505764,0.2832148077617752
8,8.118830423294575,1793,2.3178777367125845,86,52,29.821037535151245,0.7951853182989784
8,8.502506553416318,7501,1.6602920519927271,52,57,26.958472057822433,0.5441981021888715
7,6.128490868276447,2178,3.369889174588902,63,77,18.510140323093225,0.6407235429898114
2,6.282568211182372,7299,1.4455763417730247,73,74,30.007403531293896,0.4957513283756725
1,6.990568898529479,10516,2.847705334102882,30,57,29.73414313596973,0.3547393707749143
6,8.400046853072434,12749,2.803244356987446,77,46,19.243428984972045,0.2675245412704329
4,7.1109040911074395,1327,1.0352518287638155,91,58,24.769583433268032,0.5026856685880369
5,7.324415014302036,11770,1.5294016697858503,23,77,26.214116283252327,0.33376513944258973
8,4.2803194986926965,1004,3.3811756908641435,64,62,23.791652354355783,0.6884500413261968
5,5.763240419436127,2386,2.5397795762141455,39,58,24.625170943508106,0.5406773163080774
1,4.454286045415685,2810,2.428374392236076,34,71,20.52627776942249,0.3753212528935974
9,5.754446092228411,2534,2.1705095040779914,80,47,26.745830648864967,0.7591903244524664
5,8.189634314136134,14807,1.374445673133529,94,32,23.42789385704869,0.13845805561683533
7,8.877536482297417,8394,1.0407085165818692,21,75,24.60537127726228,0.3920018919166785
9,4.889456656613991,12583,1.4110563438241919,58,52,33.26929382270399,0.7737191573537618
5,5.812432384230152,13935,3.222434029429083,84,27,24.26928083131863,0.2474823254318909
4,8.608164506550427,9566,1.4462568852000004,93,78,29.50501319614085,0.4390510965560814
7,6.6114278146197085,8907,0.8764160202641346,21,78,24.028130263148412,0.41344401499895783
3,8.542731485652832,11006,1.7807553643467882,35,48,20.00422408271702,0.16986856308885456
8,7.505157762084032,10045,1.0102749146135315,55,58,20.3703340477096,0.38614913975323045
9,4.487805629380883,14587,1.7331466438599539,94,31,19.672376268235094,0.41085481776255905
2,4.26656759575766,2319,1.1305322583042925,82,79,30.824714253499636,0.6944517948992563
9,9.321591901713191,11351,1.5589397027036507,92,20,34.77948541628784,0.7511266668136659
5,7.13046811374623,11441,2.0449612533554546,39,73,21.37198758362671,0.21640502242004145
8,5.388531744611372,7647,3.591002799511829,37,64,25.62550673647264,0.5676045132549116
5,4.646321515071991,13960,3.584896497015234,32,56,33.51144013002162,0.6100928075471389
6,8.52414980953456,1879,3.0232208344203153,36,75,30.904712151584818,0.7500943045980644
5,4.081808832410936,10052,3.185555881332701,79,65,23.702565519550465,0.3626031667177707
4,5.216147761832943,14694,1.5066062424446396,70,35,21.241240494468208,0.15254223530268
7,7.504743061813273,7584,3.3102203978560034,96,43,33.27709016481835,0.7591079705897972
9,8.92843612781038,14413,1.8090114639342865,67,63,30.568639901210904,0.5339832374275886
9,4.013363757058639,2793,2.500702529483556,95,56,26.98409486727538,0.8036450494408254
5,8.700475301322074,4314,0.7041958344054939,47,47,19.649819873647385,0.41313050364257986
5,6.144064708479368,9022,1.3307875376508866,63,37,34.43918534277395,0.726864837584936
6,8.76811798877942,5970,3.6406343555038894,74,25,23.499518667599105,0.3768887916151884
4,6.699802624269659,10131,1.911256464239324,36,36,21.735989656795535,0.2090259208231544
7,9.408194630128637,6104,2.3034066493017313,59,55,20.884673680388637,0.38050502030399175
7,6.553294294251702,4244,3.7458695468963725,78,38,18.052126720665292,0.5971314754009004
9,5.045253052655462,5652,3.350323701721353,97,62,32.78153634626247,0.9197741954877507
2,7.439387537288412,12809,1.9790077227791405,92,39,23.045522050390197,0.08226221049154502
6,7.003675451642308,5610,1.691724821302832,91,30,30.97391068258217,0.6991809621947482
1,6.8607379505778106,7573,3.0294722453132477,91,74,18.634860256140502,0.27062183529723066
5,6.9898000988120295,8554,1.6445868704260898,81,27,28.606343242597603,0.5062924448195744
6,4.342647808684973,3237,1.204047108596417,42,60,27.556371837294538,0.6969508141163975
9,5.504907555862888,1205,3.479717069668826,43,78,23.64453728521501,0.6849153564246331
6,8.745339949769704,14743,1.5869436980171434,91,33,31.80370504526946,0.4664531747076918
9,4.546790173707551,6919,2.1575563994792564,95,64,31.295112889533897,0.8473172934133516
4,4.133658413121488,7008,1.769513739659039,58,28,22.10335172719578,0.3406916445622117
2,5.807863617871927,10393,2.2777940580534684,33,32,33.81268077429391,0.570394093101997
8,6.49529675309406,5142,3.3769754369336615,86,37,30.411275631171605,0.7748823794450963
2,4.086907041218716,9790,0.8543358137971777,84,60,18.2093081810786,0.3357558080606574
6,8.851280010455792,11638,2.7495112924974703,24,76,19.093519011545283,0.2889034592775385
7,9.408092071650247,7323,0.9491368337511438,90,38,23.32790787995593,0.3587540920887104
5,9.07499134155846,13007,0.5802495922443525,31,23,22.129141690117596,0.11348179210563408
1,5.736180939063051,8660,3.749927221057762,46,65,27.468851485533445,0.34779015471642677
4,8.649925299694607,3297,1.608835944594507,73,79,25.65559928156197,0.4500016182319081
1,8.366168734689886,10255,2.1299635298518216,54,44,20.375913932509036,0.10630996607597003
3,7.805153974127393,7372,2.263714307269124,29,57,23.567865425418525,0.2600045970322395
6,4.4801585300850535,6817,2.296974424510118,74,21,25.86321542062261,0.5457318156649278
9,4.8450987565624475,4049,2.5700881623092986,45,57,20.51103869456302,0.6264902426045598
3,6.9513014445969645,10650,1.3543349703474057,26,75,26.96468854032808,0.32455682554265547
7,6.642914157328201,7840,2.872870515251018,68,55,31.39140019452941,0.7053917801148021
9,4.389797008795814,11390,1.2866547003696562,63,22,19.797879880608278,0.48593579695348277
9,6.726131376275273,2349,2.6027122007619976,31,28,23.096853239473333,0.6079010953791854
2,7.418845435735591,12497,1.6269506892806416,94,73,30.02362978119526,0.34325890893257244
9,4.881989576334986,1476,1.3714577050049654,55,34,19.862880670263824,0.7112765298182042
2,7.331725563085932,10007,1.7896841707434057,27,56,18.526068355708055,0.24061123065097711
9,8.097737503076155,10855,3.347741512968561,63,44,34.517181509129216,0.7831817721107178
4,6.335108651240192,7985,2.9653914173458924,73,79,29.781646760119692,0.5422202718723462
3,7.0760786410441625,8017,2.7636894025699883,77,72,25.72527115927205,0.3402435618415261
9,5.84310977175658,4244,1.7701488317565583,27,36,26.70238458729215,0.7141470331249761
5,4.667950451362838,5992,1.3704596557066773,68,64,23.89172476645993,0.45341310966954484
3,7.1252057192244465,9251,2.7686006368863563,79,26,23.59060081458031,0.2318512547762072
3,8.81455446840112,10923,1.4194356505540633,63,38,27.662772051688364,0.29823584890745725
2,7.648341622080984,5039,2.6461307889238204,51,38,24.495851683017193,0.3175654151347786
5,8.458671864453873,13168,0.8931537023399837,28,26,31.875272655376232,0.47778798023148394
2,9.620154977622942,13969,2.6995441534991778,64,27,34.73379148426236,0.4252318354522957
4,5.231877569957683,6600,2.7796226074604764,44,62,30.2675405870489,0.6199673237918634
4,5.8829794059266955,3820,0.6696701636416634,47,41,26.84033861639292,0.5471785484033819
9,8.966043378579737,4377,2.294329397080026,36,20,22.177718572999254,0.47143923928191456
9,5.540314224420326,13216,1.5363542341429437,72,43,19.175692029882427,0.4365568770515307
7,6.596867693214793,14510,2.874801018415873,24,25,33.95090250484938,0.6380938666845153
2,8.069577146970605,6221,2.781609359990643,41,20,21.724827531846895,0.19831917191138074
4,5.332727176239286,1136,2.651905108998654,99,53,34.19800971378265,0.8920603206317136
5,5.922570005868469,1657,3.6454473937722685,79,27,34.886752979565166,0.9264324038567845
6,9.474119444607728,6355,3.64672447098448,84,42,28.030688133250788,0.5147798550765963
8,9.991748400968943,8263,1.6897836915214917,93,63,34.650625462639525,0.7686369703346605
4,9.352584574480588,3794,2.155896510969242,41,68,27.17048436370264,0.47592481995078295
9,7.8302909865480235,14306,3.3554335120975334,68,24,18.17298010014139,0.3912217424311714
3,9.321125999886963,11090,1.1836213543029683,22,64,26.68426969948673,0.24648639479885265
6,6.315897481913868,1725,0.5389446727273233,24,21,28.663968932535663,0.7259547705662787
8,5.914419287339004,7382,3.1326803282721634,22,70,18.430268082357554,0.5592777706711132
1,4.1989754090090035,3432,1.9993112300441558,87,73,24.662201147819122,0.4095424600157506
6,9.266019337964103,2777,3.2702603322499812,21,78,34.37151589044882,0.8361370320831077
6,9.852450650252369,10251,1.8361650225788821,49,73,27.376570012057357,0.38776985775286815
5,5.400918753137459,11211,2.6754030057909017,56,54,29.986696840332932,0.5305177534516267
5,7.404958216459966,14569,3.3656140937030794,51,71,22.91209505013485,0.14447511019445392
4,8.452320463809547,1535,2.4520430137259535,38,45,32.02443532325056,0.728233155521918
5,5.74483749626455,10869,3.608360572042579,20,70,31.347941117320026,0.5798172178051852
6,7.103149471663325,1364,2.8837775466103883,43,49,26.913947823649202,0.6522143252959252
1,6.546338880597585,14506,0.9483393256637527,76,66,23.616932316084146,0.04729649149236304
4,8.961147965910131,10483,2.8453750590645157,41,37,23.120186054428686,0.17690596967542452
8,8.551774231195989,6035,2.472184680198146,28,78,22.029157345167885,0.3997460057837875
9,7.410135080328675,5026,2.0750861983566287,79,46,23.2143821273047,0.5309361233832198
8,4.396916694187966,7562,2.886791700875844,96,25,27.257672014431545,0.6527899611787507
5,8.560981257763377,12696,0.6674716262066576,60,51,26.053457247368105,0.2756783729747036
9,4.876761629405648,12160,0.9242479891831401,58,42,20.55034273297664,0.4282815210850663
9,6.057343548000758,3453,2.7321823308177633,74,58,18.079492554725924,0.6997422908134321
8,7.692045063771217,9814,3.2235727270113066,37,48,24.12872518364716,0.4053063770233439
8,5.728583363638015,11972,1.1271944006309886,54,46,29.49352174076769,0.5950817159767474
8,9.230253881042294,14571,1.2288254826516394,31,62,24.585283533173897,0.2697203993450852
8,4.514695880450731,12809,3.761466765412992,50,30,18.48609385743761,0.459926766327429
9,6.997113757685344,1053,3.958865521867219,69,68,22.98717808694288,0.6286969377017142
1,9.854173399242361,5485,1.138331821324458,40,51,29.38665364946667,0.39452218968119374
5,9.274623831807261,2955,2.0392010415144783,72,30,28.37224670028889,0.5779000970657812
3,8.259363408920606,1313,3.747197942687579,21,39,26.5533320324525,0.5036804698370487
1,6.612185668961263,14081,1.7447672986247025,91,63,25.36619305274362,0.11938779508099652
7,7.801164028577132,7732,0.5010086402978885,32,61,30.78091436083234,0.6578799275812532
8,8.079318143299176,13969,1.362408213982616,64,50,32.56601980979231,0.6013896070717708
2,8.544120615998358,7165,2.3055351204676797,70,54,23.328837468877598,0.20223311889081258
3,6.309248802561138,7169,2.509604554902212,81,39,26.899061069119732,0.42181970668254404
9,5.361353498377431,5257,1.7251700406470607,44,40,24.42628379538421,0.618798579542906
2,5.308969895699562,11215,1.443227184455456,44,63,29.057696478847518,0.39021484656046695
3,4.826445275346526,12976,3.5155172685260276,70,39,25.547379973531108,0.2683175825370664
7,5.556471789697901,7036,3.8447063996572126,48,27,27.55792414879904,0.6121125847886426
2,6.547863609356696,12511,3.723074595549441,34,26,34.106270825310204,0.5119675354328933
3,6.879693149026662,7104,0.5007441370988094,98,33,29.09955034337157,0.48937353668068
9,5.4651694630543695,5532,0.7353070800300426,46,62,34.14243976820377,0.9618595868867313
5,4.85206850509852,11173,2.2626586571146285,58,51,21.32158303873408,0.27977111464121857
2,9.794825409124812,12446,1.5341907056463346,75,23,27.713326054498143,0.2033213137089719
8,6.223210227366263,10236,3.8773946841575717,87,71,30.00410780291334,0.6435910287779847
8,7.279446726274402,1805,1.4569656942938618,86,58,18.025981461416833,0.6757242193414561
4,6.160646122548775,13607,3.567551889446173,93,27,29.86909228392655,0.41373945017882957
4,6.698414165158228,13602,2.092664323803214,62,28,27.006173910358676,0.29708170654755967
4,5.855719918209818,8497,3.1454591092291313,80,68,29.497663502746047,0.5311376093066642
7,6.8990907125929075,8538,3.2158150693494587,73,68,18.903630788659136,0.4541339251413446
1,5.26633428902863,10019,3.2027694735573293,40,29,21.57815692880156,0.1433452041642233
5,7.598574745866877,14933,3.98089039705482,42,23,19.394093787818292,0.19240074064959042
3,5.070803545031817,10878,3.0898710692230518,20,64,34.894158037703384,0.6519403013972863
8,4.1164881056313245,7502,2.6509788807304124,35,33,32.91606908511503,0.8661370337490089
3,4.629841817960865,2105,0.9247926997502146,28,61,18.557836232026464,0.5319744770510436
5,9.645144198493703,6557,1.5899169836819784,27,29,20.770043353258796,0.2954853313319295
8,7.852462874654363,6916,0.588378984788263,55,33,34.109128518007495,0.8332605618308122
5,5.57044873748603,14837,1.753045527416762,96,71,33.146399076221265,0.5533319888771386
9,7.022688495742811,10810,3.5829743369101696,61,59,31.33573869719494,0.6949210161714423
2,4.91293557550391,13730,1.7591676924780981,46,52,28.01787742205713,0.3013117539751195
6,8.349444015154933,2566,2.4542476487068745,56,64,18.92579488587541,0.526354672989476
7,6.283418879633874,13548,2.9967770578513,39,70,26.297760346061246,0.39148716344760515
4,4.203775461885954,12536,2.996988170500203,67,42,19.719368937600308,0.28432935841615403
5,8.798111183940746,1091,2.4013050068584563,61,21,25.15812729385924,0.5179497711515901
3,5.813395323767429,11478,3.0557047770533976,35,63,19.923930126711163,0.22733235922853678
6,4.341508850351039,5619,1.741108630730181,23,27,33.675728641708744,0.8612424523072074
8,6.850934504700544,6989,2.8975877678400264,68,72,29.979785263580396,0.7060094229388246
4,7.326043095391817,3785,1.5325292222689422,29,68,24.959939888689263,0.44498437765969684
6,9.390774729233849,2957,0.723822789628171,86,62,18.847755621275113,0.4945684674191047
9,9.872473712357761,5758,2.2456928007511054,22,69,18.333071507325158,0.5426445853076639
6,4.422555293040048,6151,2.913116771192838,54,52,32.465862283673125,0.8025686402499838
9,6.4418743689219555,13053,1.8050680967063077,91,30,22.144595422264864,0.32156706013521946
6,9.537986892592658,10816,0.543619349575617,92,27,21.297050733309096,0.21229388530162063
5,6.380219585397343,6835,2.4926527166424433,48,30,34.56274816191281,0.7784901769151037
1,6.479810445289967,2980,1.4252319362441328,61,79,25.414405262173076,0.3926127621296582
9,4.497776679387595,7020,3.6777807679894354,80,61,32.26310483011282,0.8811511609705449
6,8.424784715167334,3584,1.9461605358553435,24,25,20.497141712707194,0.44296971734254403
9,7.347802985153836,8675,3.5314835098434916,21,31,33.90294714247199,0.8317232448999213
9,6.78246774427024,14232,1.778372529583716,94,78,23.06600423989968,0.3182445740775238
1,8.21658615881924,5618,2.40055316212504,42,37,25.92486446698537,0.3053918722519843
4,5.171312439746186,12086,0.9136518472634398,22,33,19.20407052458879,0.2905018735225654
5,9.526985839651083,7780,1.9925079878724667,53,33,34.01051491943359,0.659585612616398
3,7.958688798122938,3522,3.381052214325991,84,23,31.03742688610217,0.620112766269053
1,6.122050289823557,3845,0.9884062409763454,26,45,24.659406178928034,0.35298516318829154
3,8.126954587518103,12250,2.1993662980999042,97,20,20.128438360098997,0.14535004137624172
5,8.615313650892398,7523,2.362819419925099,81,70,19.71571234753772,0.33524798978416903
2,8.228021264194119,4064,0.9704686697232915,96,37,26.853709713764225,0.41259274913231
4,5.965317888235134,8008,1.4201203756352345,39,30,20.766628833010262,0.3132226724519092
5,9.0909179748732,13587,3.3459553654803944,89,58,24.75821163414246,0.1943852135036216
4,8.555261665153086,4966,3.132649268055095,65,77,21.332513786928644,0.3036338931511804
9,4.345415825641426,9607,1.0623093229755454,67,24,29.332937912858448,0.7160930569816395
9,7.014815044916541,2182,2.8220680550145723,85,71,27.90670374013877,0.7793200219574438
2,6.210504238741792,9205,3.607791291655987,37,79,20.77114739738519,0.20570444793264273
2,5.470205731947615,10568,3.517301960600149,76,24,33.371131995959665,0.558318670250881
5,6.969839413537748,1341,0.5458441072654355,56,64,19.1681801058921,0.5442630847621128
9,7.3411310795616025,2824,3.0105625691246716,92,43,18.040885953654293,0.6853175348061493
2,8.332316343298423,13230,2.0801077107492887,73,66,23.04718167332623,0.050568623725297704
8,8.29622611067855,14244,0.9687585118545382,68,45,34.81740198531233,0.6711154660175915
6,6.830268007493375,7367,0.9071945818591536,29,34,20.448625313881575,0.3918393345585834
8,6.5374013709771415,3900,2.4264953314017754,89,59,27.74082222091681,0.7070749124615037
9,5.476290323953894,9056,3.4166374920506035,42,24,27.99158796154559,0.6534545613690222
8,5.6966639095802005,2172,2.244530237632077,41,43,18.32152343408619,0.6943925169304126
7,6.914410281897595,9953,3.7926999265254886,63,79,29.594165665017982,0.5826148900392856
6,4.053693252760847,8895,2.302348203705698,60,27,33.19633879468617,0.7716487892355854
5,8.903367391396747,5464,3.6067690209652534,92,41,18.2968548817133,0.42948083417820176
8,7.515521071189118,4216,2.390882010626794,28,34,20.631477727915133,0.5173016739210474
8,5.216369956285685,2898,1.0953085673502145,63,23,20.50423857306346,0.6093299392845918
4,8.102036072225438,10146,3.8922372897447515,79,69,20.390533278772583,0.22354912093988477
2,7.158641822833314,3960,2.022328355554494,44,21,34.47021325875545,0.7170521741863736
6,7.027245885690925,10309,1.8268787468593435,21,75,33.89821108431099,0.6910579461615763
2,6.344294722861337,13200,2.063666584726739,88,28,22.687046734395256,0.08628311608820485
8,7.971389491022627,14600,2.711128639980564,35,64,21.536128430624167,0.2225402408137702
7,5.806601155078406,12153,2.115622516465741,78,74,30.899716626678345,0.6035468091287932
4,6.20208605856861,12538,0.998758681426759,64,21,28.120714639164355,0.37519289215574214
4,4.508229415477976,1126,2.738959503098846,71,69,21.317565442169297,0.49478187631623943
2,7.684032525870525,12472,2.716920073490339,38,48,32.1924333748856,0.41607459450642964
9,6.3452515376623175,6048,2.996789446683953,56,56,25.883283778920816,0.6287216063845535
5,9.823761369076452,5004,2.3701921772927017,62,53,27.172017567284243,0.47160189545943076
6,6.694380554731304,8218,2.4247632792926614,76,39,29.98482513858767,0.6077732196852983
2,5.759662380521377,8128,2.9990755813001893,52,65,18.068644642011638,0.3405950122041463
9,4.838617358079135,3199,0.6393833320471993,68,70,21.975463603299755,0.5941026612457423
3,6.297612232582219,4230,1.4965772067005134,59,78,21.021273591224524,0.3510135787518874
7,7.141828155945563,4208,2.299178307778881,60,45,27.787455964664595,0.6504642346608644
7,5.904332140218502,14443,2.202576566380068,86,60,25.64827842504762,0.35547500754024225
2,4.725193993146097,7958,3.480815735950715,58,48,32.3153410264761,0.6011263309124752
8,8.26708729696358,7879,1.4154976518191298,76,20,19.782491592524188,0.4413909484622051
7,6.504808446113007,6220,1.7129887067641822,46,34,30.957223643288156,0.7321408303295471
5,4.0045940533254285,6796,3.1675926169685664,88,31,24.546811468210784,0.47376141642919
4,9.278476326137731,7804,2.956007405135999,77,56,19.125785808543696,0.2975650049930269
2,8.47257353018844,11468,3.832820568937338,21,32,26.421998336293363,0.21210023413616616
3,9.308056422436216,7339,1.084815490703035,28,54,29.754178859475182,0.44873860712354796
8,7.909439127965949,4268,3.7930904006653177,79,56,29.536618991505776,0.7301219737069871
2,9.286590017688924,5726,0.6382557715009298,82,55,27.793280801244904,0.380904654306127
6,9.170419142740622,3299,3.982536911913606,77,38,22.198422246511157,0.38455104842360155
8,8.673899021169836,7341,0.5372403255134414,29,60,25.069153251176335,0.4754339607355717
1,4.899667687744391,7169,2.3898424723446157,81,56,26.132903090295116,0.35561037792516503
6,5.437849607349898,2120,3.3012330125799596,88,55,18.246899280686,0.6321080671949902
3,6.591376142887124,3543,2.708079672975823,57,59,19.997567773481027,0.3976268093659422
3,9.621653485844188,4259,2.7478110206675157,28,69,18.799713716368313,0.35051328653097585
7,7.334698849958366,12623,3.5174219107589613,58,63,27.93318961460946,0.4477205399456454
7,9.544934974476742,14280,2.6291818014588157,62,41,33.08588730320486,0.5410490047626955
3,5.64653364014029,1564,1.871302377100518,20,54,25.900242761429617,0.5370840304106471
9,9.869195999435453,11956,2.8266673178741635,66,55,24.49768477915428,0.3505508718042807
8,6.9128350920950385,7753,0.5576589641194446,36,61,29.351414952837292,0.6632711030532842
2,9.912076225807038,7855,0.5972881081280261,97,75,18.651733785045362,0.2257038307353259
1,4.085463113960065,1512,3.4531982804486527,58,32,34.186078196245916,0.8039320482344331
8,5.8704197192826895,8035,1.0127081477218236,68,67,33.59371495349549,0.8354337285043544
3,4.007879400753202,8617,3.141492126165199,79,48,20.77248727695579,0.30934751000848965
1,4.184136902197226,12710,3.7434140428807323,51,75,34.26694853208511,0.5338566547107869
8,9.677421761667407,7882,1.8301464456738854,76,43,31.12011217582411,0.6574579469189806
2,6.17406590539388,3692,1.649143825500273,58,28,18.618947149197556,0.4178362698846067
9,7.854992903847962,4572,3.799162945750151,57,38,27.959105994745148,0.7031558459380324
2,5.795784964271478,9797,1.0542948625898756,97,30,23.827336700655223,0.22311546972442772
2,9.394337253613982,9971,1.949423921410925,38,27,28.438418047307067,0.29909827835781116
7,8.77784535091422,8893,0.9499780855114857,55,73,25.47688264690577,0.4139445391837595
2,4.557107108172254,6708,1.5243773913567735,22,27,27.909899796849736,0.4756976648127836
9,9.43016517551953,9678,3.930357340339087,43,21,23.129779516480138,0.366626121964475
8,6.137474119697096,2892,3.128070016572797,47,38,19.522112309166758,0.6228171984900533
3,5.714478853832284,6657,3.3900166221944223,57,49,26.413255975333314,0.43095634755411777
2,8.8970397215311,4510,2.036098587338531,48,37,18.8083828495946,0.3253943250152573
6,4.894207327260381,11427,1.4207749981233344,95,71,33.70903006266434,0.7087304939273155
2,7.8613449410759335,6586,1.225266513602406,40,66,22.11800995426088,0.188833335501678
3,7.550881230546555,12220,0.7554832897871436,45,36,24.45837316963049,0.18126926322145545
8,8.270772877596738,11459,1.9280658625737053,54,41,18.50624158006506,0.40104868005065686
9,7.3169611394234675,2547,0.704512730565696,95,48,18.31926913875838,0.6825043763043045
7,4.85271024147553,14742,2.014478872241747,73,49,32.299639800177644,0.6147790539927136
7,9.150571583722172,11350,2.5760100400607207,79,58,19.87229881065764,0.2966499264111528
4,7.143823368853832,10762,1.0029548459873188,54,71,25.340272042411215,0.2945620041556814
6,8.670757955441205,14550,1.458534409214475,64,38,25.266065117411497,0.23592688364055575
6,9.72531099636186,9518,3.2850756429183927,82,65,22.748740893980656,0.24079558737390988
3,6.052934033759576,7198,1.3227967957970235,51,50,32.87335367824614,0.6438845374440917
2,9.005085842934747,12622,3.492624604613013,63,74,25.91957036660577,0.15312896739869689
4,7.347954253522625,8985,3.0230609979064083,49,25,20.697804334679276,0.25869220873843013
5,7.003447508574501,2325,0.8745919447675805,25,37,33.484206153327634,0.8333241650651968
5,8.060476592337855,7605,3.3101683663619066,95,30,27.584022306387013,0.4662922041810408
3,9.482262712513165,12752,3.8908721310013648,47,70,22.98912737889912,0.06847571640261474
3,7.744874913660604,2327,2.2055325150670995,59,66,22.30471763100877,0.33759421401401773
5,4.310349441440529,3032,2.2949594615429874,38,21,33.557152433627095,0.8839665864770048
2,4.467914869653114,9141,2.1877050900627557,98,51,21.115058492653613,0.2368973750318573
3,4.605493479104791,7784,2.932890925251675,84,75,23.347299156718844,0.31937840965186176
7,6.124388484972718,11191,0.7883252293997276,90,26,19.62270676996391,0.3826741680543527
7,5.171028564113295,8548,0.9284416313057082,70,78,28.578316337402924,0.621876823950502
5,6.682363916614804,8747,1.4917061754228786,44,46,30.351938909040015,0.5723368053250607
2,8.689190760901406,5919,0.8201450725220889,93,40,21.66203392198978,0.1929196980958071
7,4.289357756243351,10263,1.452169375046239,32,67,23.573009105839382,0.4202926673876176
8,4.701488589339621,7851,1.0646051147375653,60,25,30.99932400261796,0.7740819850328513
7,4.43443671863759,6203,1.5284554409948465,83,34,27.32535419088889,0.650929178637733
3,6.3979600967026276,6976,3.0964989414566886,68,75,29.982990649885284,0.5361341546221131
3,8.92661087214763,7809,3.8529072105955606,23,32,23.05041566036627,0.20358350044198098
8,6.024915595845895,10196,1.3461246546689631,62,36,31.051447609718693,0.6873165302252193
1,6.202172679868975,5111,2.527220154051599,44,48,34.963153073117894,0.6939697387834145
5,4.5978532468986195,10485,2.9585483759302695,54,20,26.54688431920511,0.442775668613335
4,7.767787079483628,3710,3.466525035769602,76,70,22.272983550701795,0.33871765954001853
7,4.791707569424138,9546,0.6904551592277312,66,71,19.537606193424097,0.457720795713738
9,5.426592027048269,10632,2.9475897454729507,94,53,23.218714529625682,0.44354917132441973
2,9.490098639023753,1782,2.0472142963001727,98,72,31.96141773047762,0.6223983970177324
4,8.11541141560242,7141,2.4090791886971856,53,29,27.93688456085503,0.4527190019842175
8,7.167365815550953,1538,3.575474600025994,85,63,31.663177839552482,0.8911205508454693
4,5.453942378082541,2638,3.169974694763523,76,69,32.73467462913208,0.7997853587309427
8,4.099349860281503,14809,1.3735641217759507,20,76,24.71164169468268,0.39254787931981655
1,8.400045500433624,9780,1.2762395170308385,57,57,21.73012877515233,0.0678795879625262
2,7.931256748137673,8804,3.965560382921811,30,34,33.957361670525685,0.5627241615352512
8,4.91761080570521,12339,1.310863607017304,39,49,18.050201931073236,0.47734932890658294
5,5.962175198236053,6388,2.6977336031799806,74,58,24.708294186007603,0.44216648678695186
6,8.478618487945289,2088,2.517413589973845,32,71,33.828035575326815,0.8521157941295541
8,8.196897882738128,9245,2.108907895384673,34,58,30.161698458823885,0.6255551383725386
3,9.446654313281435,10674,0.7998390828208254,24,25,30.81981590932736,0.40342199777045756
5,4.650732653107922,2703,1.896116815296279,37,74,34.28574241157685,0.9101032653507825
3,9.244127795578525,1277,1.879458806135063,50,25,30.493959000000835,0.6236014978768384
6,8.504229173479674,6581,1.375236182124315,46,67,24.163394116975446,0.3925659881600629
2,6.575814987609677,12318,1.765526213171725,86,79,34.93955775480798,0.5461633672698601
3,5.786090561126366,8445,2.545865600619567,54,79,18.32513532211912,0.35924798648717077
3,4.34709012378812,13981,1.082977628383397,22,67,33.31212809596783,0.5370905921965234
8,4.895337807347132,8731,3.2989828314827765,43,74,30.80820098167586,0.7412019332597621
7,7.468852725134831,10131,0.7955470674405789,90,52,29.0841168849378,0.5464243942730682
4,9.909793630441046,9947,2.849128042515317,71,31,34.08960761044405,0.5645809629894937
4,7.769215728579601,13614,2.3824921155976453,99,27,19.233642895807023,0.18971905541823572
1,6.426546828759765,10687,0.5510057507827354,62,74,30.57724505712882,0.39480044110981505
4,7.686772630085878,11738,2.3829430762115558,27,40,22.036410784410897,0.13808677944193362
8,4.8930319541711915,10731,3.159979593376918,27,61,25.321610576670775,0.494031767889723
1,8.28352228453106,14989,2.3108733976124,96,23,30.194804155770576,0.2320926458019683
4,4.230575880718214,9395,3.038272168610607,88,54,32.910738349366795,0.6724363093018351
6,8.41754356409598,1573,1.1366199048728136,75,39,19.469311077002395,0.5290040111346379
6,8.939828248733487,13438,2.81230201438151,26,45,26.519009544758674,0.3017178931584805
6,6.007897577692247,1172,0.5413744774004401,59,25,20.398763654742684,0.5632358060118425
9,5.5868539838592355,12019,2.805263504772373,25,53,18.43865259788448,0.49107815175601083
5,7.8762258600335,6095,3.4651321743430716,36,22,19.417821266049124,0.39841876380575947
8,8.170176919093251,5631,3.7267613440534793,57,39,31.578594641120606,0.7649037753345085
3,8.374337229698565,1634,2.227436768261103,41,51,26.20810791310993,0.4806297206820212
3,4.233705561819336,7739,3.811017889026565,79,41,33.44654364372173,0.6955539590781709
6,7.061027745917463,6822,1.4341887667423574,58,35,30.622717000156292,0.6557735356093943
6,7.170340511411605,2269,1.9224926871102874,22,70,21.445382122595277,0.4706913139644059
3,7.430941307548277,1954,2.872952531566437,59,53,22.760184453726115,0.37070627141107776
6,6.161750952630307,12007,2.8907893801606113,38,22,32.972946556000295,0.637397441138896
5,9.074288421399691,6649,2.4108735126236693,91,35,28.07732025393327,0.4827773793258835
6,7.534691874791612,10735,1.8655863384316314,96,33,32.69166386714369,0.6247613512126255
1,8.668821427491755,8682,1.8291257392545512,48,42,20.07010864516271,0.14809608551279746
5,7.559723957536817,3651,3.912968350167309,78,49,29.24906919465277,0.6343091601750399
8,8.006891729258623,8271,2.066471166414945,20,52,34.4233736811385,0.8081737140757079
8,6.430040757388291,7957,1.6320112757323946,55,71,34.29660797304207,0.849274630025944
6,6.143553420137929,2743,1.1418600264797731,86,26,31.29645038771325,0.8009466469672297
1,6.719497053019442,6217,2.548456829116072,56,77,26.768161821360607,0.35766599432633883
9,4.806395842893031,8286,3.9641668522710347,99,62,31.565242895259743,0.8177994326666237
9,9.533445952430009,7494,3.859120682034026,38,60,34.10010672650665,0.814591154798147
6,5.773031026920119,6498,1.7500994310089268,39,30,29.220365185830627,0.6438946940761583
5,4.639456019717691,6081,1.035714155601577,36,25,23.582084251643394,0.4407262355183243
6,9.2945693403308,5464,2.85262668958406,96,71,23.730746947545626,0.3847766923973606
5,7.937611173933512,13598,2.8861942731703585,71,56,20.55128757022294,0.1745213213286651
3,6.014885779517695,11824,2.429807797177863,53,49,32.93959410488871,0.5354086484706747
4,9.610687894343425,9214,1.7308708428981032,79,71,19.507289752074634,0.24163121377536326
3,7.915903600641866,1468,1.8802270808523622,34,51,28.45715232275827,0.5772494885136084
3,4.093325231735675,3436,3.54067161815058,45,61,26.86454504954505,0.5643362611741414
3,4.599934819803902,5833,2.945448913467156,62,77,23.953851470581892,0.38865045621401956
9,7.653081263033504,9960,2.4576129101008464,74,43,31.960055821487366,0.7228600998228069
7,4.211791766788497,9635,2.9748913507930093,68,46,29.55571355833952,0.6542203407070577
8,5.897853524119501,14683,1.5866048343059327,80,45,20.629063571342172,0.3035271586296659
4,9.577284389604348,11060,3.1309049043990056,57,45,29.883893903426163,0.39325944794933515
7,5.765253447784459,6696,1.9289925972022106,85,50,28.606029200147297,0.6532781115001205
3,7.642058715491081,6383,1.63155314326502,62,53,26.826562190060372,0.4059768151689765
4,6.764191378171242,2612,1.709605911758236,77,49,29.06800316781571,0.6358300765250248
1,9.588682993254304,3502,2.6453594516404273,41,56,32.479237531764326,0.5609693346347552
1,4.658791746928138,14514,3.3801447257346497,83,70,28.100448225435002,0.2552494070469204
7,6.729412090296486,14298,3.6123560217904163,83,31,21.54848500326625,0.22315511133114124
8,7.35444788188058,7093,2.5769527142863167,53,34,18.04773512141782,0.545327859874709
6,5.305340447953763,6822,3.7762816714141727,87,72,19.686143758359307,0.4695036886413814
6,4.372170365097787,6487,2.380291118449076,75,61,27.848004525555737,0.6282663550557321
8,6.003946357691555,6184,3.4649103332039854,82,32,21.999640615399294,0.45667459506496016
3,7.615271687793451,6611,3.269876244327549,33,75,34.444537160057905,0.6772697723189738
2,5.801254818925845,6086,3.5985555225281467,30,49,19.800457902791287,0.3261597508007018
8,7.3624272424045225,14417,3.53512226475617,91,21,21.957877730102755,0.2263909733192639
1,6.082597864098706,2376,2.1798114608450865,29,30,22.96598309017766,0.32805247452315933
6,9.74011830788545,5594,3.5516767846412747,44,55,30.95756961718763,0.632843582021903
7,8.108094421320502,1225,0.6959864542255594,84,28,19.46964008808293,0.5811312095157299
8,6.1274624770781605,4280,1.8983321101625983,43,35,26.655403035133666,0.6684514191618852
7,7.970434423754134,4540,1.0081964859290362,41,63,21.94034692554329,0.41477991027392014
8,6.240756020367545,13267,0.984490152861599,95,78,28.498690189057143,0.5153445540349794
4,9.972455774946923,3186,2.414653449706031,56,63,23.69227872130774,0.3495511095167363
9,8.831822279364202,8476,2.199810448211075,85,27,34.84610942426595,0.8348582910261029
4,7.449335240408405,5350,1.9310011745641353,41,71,26.30121084174623,0.45280517184114694
8,8.932188355980337,2147,1.134329339192046,25,49,29.023484197211182,0.7380620151376773
3,7.76933488222223,14906,0.6387238301141187,45,23,25.171284014786302,0.13692066237429004
6,7.786762671368084,6117,2.921607347260806,34,61,31.84973263933304,0.6997524087662956
4,4.394115098464669,10634,1.7266203982087234,58,60,28.21018764440359,0.46814362782776103
5,5.064088039302279,7495,2.63288894897643,57,64,23.00505545559819,0.37537436823369724
4,7.49558851844278,14486,3.860844262939977,79,33,24.439859623048022,0.1634224571520863
6,5.265218965507571,7925,2.028299176094916,70,23,26.540148268811766,0.5245213572727556
4,4.326048318199256,3541,1.301167609053541,45,30,33.46117619987275,0.8315564502158874
6,8.428713051128884,13051,2.338262988681449,74,64,26.88733088817528,0.33677451081074744
6,5.989830994777026,7982,3.676070538537136,22,46,28.11514899837438,0.5627267412474589
6,6.3300673049036025,2778,2.600020450119921,50,44,34.27729445919257,0.9036505109151585
3,7.7006647530626315,2103,0.9329319319776131,95,59,31.670394901221737,0.6835868764297399
7,5.098730176683528,6862,1.7906605233535728,71,71,19.037778372394133,0.5332842918270788
6,5.819448703377822,13774,3.6144967845817426,48,45,24.450924429293703,0.294038866527433
1,9.27866337481163,13016,0.5445917422210751,47,70,18.256472960410306,0.09436340420393224
1,8.97095015640215,12626,3.1892793895002645,35,79,22.75632359422453,0.00293733026829518
3,6.625338982320344,7865,1.8492191023220976,42,56,21.200268318749515,0.24875761147769584
8,6.146842576822654,9447,1.815157508255653,20,60,25.284840403286395,0.49342841680268973
7,5.5643547580682124,8942,3.978929093790993,82,25,28.45437043219858,0.5983563874281115
2,5.16860949494939,14681,1.5685079412999432,31,42,30.846589872008046,0.3746923788999039
9,4.120148261907279,12851,2.617502067411464,76,47,26.632907814450235,0.545261739471629
6,4.012939391075501,14911,1.1591552817444573,89,42,28.402479177511733,0.45346489179276345
1,7.7739442049860745,2845,2.221150354392636,49,65,27.283422379935672,0.43235282104956035
6,6.174380085049582,13262,2.592998385570552,83,49,19.855492439232044,0.2867269718731566
7,9.89794456970951,13472,1.729713420251255,75,46,27.567558818056817,0.3520024033951168
2,4.063283396303971,6534,2.9048947845943056,37,66,23.365333767457518,0.32709402204131727
8,5.9783300441333305,10510,3.659077497746353,28,36,20.364386171678834,0.4120259693894367
7,6.267779035283377,2988,1.6628175752207375,63,52,18.567198833641104,0.6157136714856151
9,5.5177743642105925,8305,2.1188351962419043,85,31,24.288537660337283,0.5363638923497744
8,5.786148470301536,2511,3.375375821202585,58,45,34.39455954329323,1.0
9,4.531431862369212,10418,2.926048888514999,64,36,32.074933077098876,0.7913969409022663
9,4.751482289868025,6878,2.502857211795898,23,48,21.848296451913875,0.5119078526386979
3,4.990748186739852,12375,2.2397457622885724,77,68,19.303375147994476,0.24803092239932187
6,9.22558104650684,8847,0.9570581152721094,59,58,30.290677272306347,0.5424878823437045
7,4.206236021696516,3710,0.9659187425300619,25,35,21.852026566641197,0.5290096736602775
8,6.7776959368549985,5461,2.765249238163382,46,64,29.26399465062994,0.718758800453687
8,9.790707662662946,9596,0.5591792842268948,69,68,29.208358071953278,0.5439957737360405
2,4.940708817277596,10799,1.4015858227899511,85,22,30.373526101072372,0.45686763195129143
5,6.610373129618773,12397,3.2599002832040944,23,70,31.569937096260503,0.5300200579384792
2,5.043380045665059,6805,3.392486071541664,59,50,23.80645253373729,0.31284953100804214
8,8.568580931939778,13092,3.4412242817815315,97,34,33.14013042456839,0.6315718790715006
5,8.748366822801053,7318,2.1737301870312793,23,29,32.95997137646343,0.6514849156479471
4,6.036938026550523,1537,1.1610181006654354,85,64,32.71071737618465,0.8114355190653916
9,7.41400714599595,4592,3.7269370059858558,77,42,28.209463621390434,0.7224054170081262
7,9.605723322998832,7300,1.8720202810991262,46,36,27.152587245037218,0.49318045145050154
9,7.1814945277368025,4710,2.499367257090201,50,38,33.78807723666628,0.9274005798802631
1,8.235005616010408,7818,2.6335947251134564,68,76,26.769342660770377,0.2823920631543748
9,9.595709847979624,2957,2.3337131354897913,24,50,26.347046207170045,0.6416796101720356
4,4.520085717397627,4221,1.7794822613492882,69,46,29.280169109028037,0.6588698193599875
4,5.0837823565228035,6015,2.407180193186356,26,66,20.528985750264184,0.3913063307572132
3,6.1979712726772975,2556,1.8441057984865055,93,38,25.44983713437214,0.48345629070758545
2,9.700936394034064,5699,1.2274361705819157,76,30,29.083147590207233,0.41830200759892366
4,6.635819911482486,4434,2.393392585392009,25,44,23.23738133569684,0.383536948500912
5,5.2312091668700464,13011,1.7572019021385659,24,54,26.638483993480293,0.36974397556511984
1,6.646149633455424,7319,1.4310696010354236,49,34,31.47038991838081,0.5032648116297995
8,7.331442627704004,7127,1.3175360005672563,97,28,20.94671507409307,0.4399725724571003
8,5.820903042869345,1407,2.0867937239565326,31,43,18.33545137845222,0.7093729047249301
9,8.691629236269943,10918,3.991516327519107,95,40,32.247337112371696,0.6850235778160461
5,5.6768736381101155,11469,2.120251148731668,33,26,22.46375428561374,0.2449029530429075
7,5.458473371669032,13420,2.6558622819252773,95,49,25.274689073115578,0.377430138399643
9,8.390899150684447,3675,0.9562846647877821,73,21,24.233704762805186,0.5768346158716697
6,4.417276447912756,2011,0.9786327473087192,38,45,30.566560371098525,0.8338969812283357
3,4.912331277627265,12603,1.085333667506961,96,66,22.249614243117584,0.15571049808750867
1,8.463800529141015,11944,0.9998118231828379,92,21,25.938638677398803,0.14703616532722452
1,8.553879550941353,7267,2.6198988151147673,24,68,26.17486051874272,0.2664515630499485
3,4.859804555724848,3574,2.392013542484677,62,49,27.95899117225217,0.5821519462139786
4,6.604772912010744,11765,3.35095493561236,62,41,33.7497633405701,0.5881982914394217
4,9.603002830514031,12829,2.036911367835967,42,67,27.806424840218334,0.2745770772570374
5,4.394554026939879,10635,1.3942103023255736,82,64,27.22536340726254,0.46865898274658147
1,8.233705141462469,4506,2.2730783910892405,30,69,29.190297114772495,0.45022557182109474
5,5.409727154065203,2976,0.8943604910464444,74,55,19.37196288804771,0.535066035859319
1,9.508917100024313,9162,1.5454330614674416,76,30,27.252184668291818,0.23662821506904524
9,5.828758270810137,6884,1.6364711919029749,80,67,23.13147336298125,0.5212454769546557
6,4.742330387730033,6787,3.4161718744044163,29,34,28.49203425605672,0.6354170046351058
9,6.210256889685363,6206,3.972250443945587,35,76,29.77916117095589,0.7693932791332097
6,7.942222684566179,8602,2.9540348665302822,74,30,31.85808508295714,0.6362431288183856
3,8.717119924666235,12728,3.017024653669132,24,52,28.308965762570203,0.28039394192469186
3,9.460670354420461,2837,1.8276186148894873,31,39,20.199056004923353,0.3380423698528485
5,6.643694469903836,8055,0.8682088258934324,87,75,20.647649448187593,0.33625608166507576
8,6.624599657596962,4414,1.0747131941649417,98,76,33.43536215013677,0.8989758637361314
7,8.065504478971256,7278,2.3607468488997903,88,30,33.29483174141001,0.7535942869683295
3,8.276105040045735,2739,0.7455448536823575,70,61,21.822093063791804,0.3102021932567331
7,4.169963511402007,2732,2.5460516285862096,85,51,26.832367163497835,0.7233334053000415
4,7.1753972885002835,10620,2.3575330979496827,86,63,31.584009008134537,0.5235694855265748
9,8.517606764696545,2690,3.564406029479526,56,20,32.28010760010165,0.8892634042680552
3,4.638550888399545,9041,0.5250481591516896,72,62,20.59408559503195,0.2903263954486051
1,4.395029015400772,5313,3.134696501617517,65,60,23.059692103580787,0.3012544438687948
7,8.86325992952699,14952,2.5780960261027137,62,41,26.710485398176793,0.31017108554734146
5,7.896046300743169,1866,0.7634082155247913,95,37,25.685423925598663,0.5401353367636025
1,8.306991204690773,11051,3.9317622029862984,20,42,34.39630085762721,0.47900171978695616
6,9.194096982454536,11569,0.6395911612875589,82,64,19.153092029616186,0.28012656410795544
4,6.535178304439759,5054,0.9837209266027085,59,26,23.781225614102468,0.39070024834602013
5,6.943608863141462,9830,2.4988954792755216,87,32,24.66210785425542,0.33359097996938963
3,5.533219455402542,11590,1.0782006564836752,88,20,19.13073462492132,0.2601504315662363
8,6.751792460681687,6133,1.800666251393615,24,56,33.697064886446796,0.8638457424213656
9,5.486469722108867,1481,2.0486945213719308,76,44,27.22411990203958,0.8084526338802461
8,4.1638261771230205,13929,2.0456090096335613,74,38,19.77044188238667,0.39478087167758097
4,6.737771836845633,7607,3.951040207858683,90,48,22.2097584283195,0.2671392255304815
6,9.024918082437738,4572,0.5588091634107912,64,45,19.73028168415487,0.4323883472131503
4,8.337088188877095,3831,2.732692672695899,85,54,22.733178602364884,0.33871745334941467
6,8.218208619465415,8684,2.6244238925399497,65,25,28.59784519756935,0.5094062308117266
6,5.832294285123985,6425,3.2355957624346314,84,31,29.993855116993036,0.6722660948383677
9,6.122491496480768,14880,0.9306573595021899,69,43,18.00974232103416,0.42453975890490503
9,9.410046534076677,6969,2.786646014635653,33,35,28.56263187598207,0.6295246076961302
8,6.908495037710085,9569,0.8325516460952995,65,28,34.909817815167514,0.8209837567217222
6,7.296085177261032,2666,2.99401869331628,48,65,29.11040385229937,0.6957088865566826
1,7.454170647284807,9162,1.5714304523638394,92,46,23.868958957405063,0.1636415764820628
2,9.009009959201384,6801,1.4142594257989118,23,41,24.136007512724447,0.22905527044326554
9,7.844662931831068,12423,1.2087412352620324,84,33,31.68354618431605,0.6486831383708345
5,7.410331179142833,5697,1.59997767718033,89,23,26.40824199850529,0.485492299397107
8,8.882193064953665,13002,0.882850732715429,87,51,28.130012925591707,0.4445483945365839
8,4.51819759964949,6975,0.7391316177852802,57,57,18.93142404576681,0.5846891001801219
1,6.794233972960337,13099,1.995089707128185,26,43,34.56786949867398,0.47228595015949854
4,8.682869933880099,13854,3.5742986147600595,86,50,27.701555183209972,0.26824117017686955
2,8.58529203576204,3193,1.823815453779978,97,74,34.33337489330079,0.6961499275670772
9,4.203955236803141,5179,0.9879830701790573,58,62,27.37722448674809,0.755627660737883
8,5.125470359405599,7906,3.2241170792653926,20,31,22.875042577618864,0.467996864847382
5,5.99574799799742,11992,3.711329080888404,38,36,24.943740160086918,0.31445817240044044
7,9.960032668378874,5916,3.5213068249679154,74,32,22.138695630439244,0.3363087517475946
9,9.447067024047914,3180,2.6766935258942355,89,60,27.7657416785934,0.6913110897703167
6,5.0577970991448495,10276,1.1030876185379779,53,47,23.576020764748005,0.3652662422861565
7,8.62695749339199,13558,1.141013593173311,60,41,30.88246413842396,0.5008071091518174
8,8.630181624989362,14143,1.8855230048929614,40,29,30.230685708857628,0.499214701021202
9,8.59609485359547,8327,1.4479024249624863,93,77,31.480829273223826,0.722162798699428
9,4.565821375392783,7952,1.7812086704031058,34,66,28.482145083852025,0.7199212394143969
8,8.602236873482628,5113,1.3463124381603198,41,29,25.720461614256358,0.5546202283088091
9,8.07024758018708,3998,2.7888111633929276,87,32,24.76468991365924,0.5960263576448677
8,8.785873141138708,2398,1.102201466399562,62,77,34.80342226569679,0.9450579484393261
8,6.07115739263137,1089,2.583668620205418,24,21,18.85862857118376,0.6920446618216715
6,4.510449704983721,2878,1.538642387062547,65,31,34.278585169117896,0.9452553396473657
8,6.358565289294888,2394,2.2758448423452746,34,31,30.556856843008127,0.8498751509203963
9,6.201494664360455,5370,2.8063386096380314,85,75,29.756313804296525,0.7889804388181659
7,7.937933370566677,11432,3.0168633639239864,64,58,21.86007533684741,0.2519161227238818
7,5.353666233761029,10115,1.711646464547367,82,33,22.196030788465343,0.348232016359175
8,8.715641212637987,5642,3.1808081426330785,64,22,19.594913136374032,0.4914121874793065
8,4.600291694167102,13515,2.847965456381986,85,38,31.35109539546672,0.6523974904387358
4,6.3632779466825315,6699,1.9261837670787367,37,61,34.4166311888803,0.740638966579666
5,9.843612976184023,11161,1.1946884156674011,56,66,18.999272431267578,0.24361534818074046
9,4.958827816934292,13396,2.6460729377024115,41,23,29.355448883333125,0.61051589548209
2,9.116580811271353,6403,0.8696986299434011,63,39,34.08362364708677,0.5966804954024463
3,6.990415419074155,2108,3.19809322750962,23,41,20.134672546947762,0.41769277551385764
8,9.793101431568958,4794,0.9174412845326207,24,42,26.24515694541877,0.552570343600245
5,4.338652250212315,11520,2.7020816861543504,24,42,29.419314901095895,0.5281540636922943
3,9.436421913046,6453,1.732231943466492,57,38,27.665161205706525,0.3913203688360736
4,8.794739413995998,1727,2.110125311675348,21,27,20.58682246301649,0.4031551295598302
7,4.727646232169606,2142,1.8784766192964775,32,48,19.448076163996628,0.641447124828474
4,6.848908818552616,2958,3.6458249737035726,77,40,18.443046659261032,0.4981434796601198
9,5.62263840555018,3265,3.5955406907314145,59,32,29.1754484963705,0.8327845786786362
9,9.796056992957745,2753,3.845366398266553,57,32,26.992329878771763,0.6651597677732214
7,9.695451507818326,13220,1.0336007764983004,89,46,20.636858516606008,0.21057376618892926
6,4.578371524816197,8676,3.748100141763982,70,62,23.342260035635853,0.40704581831860126
5,9.054445406643326,2703,1.6039197079371799,71,29,23.054920329439007,0.3965553133796223
1,7.416579093064412,2792,1.4983060822003682,35,48,33.98112351396122,0.685065380619227
6,7.920223045127692,3265,0.7800413614149482,72,31,19.60453055737236,0.4952303848052079
1,5.44490131598593,1548,1.69590886498623,80,65,32.81204686400187,0.7203990874459214
8,4.430912363880775,3173,2.3329038832492994,55,28,24.267657151473983,0.6496478139193985
7,4.980518892516115,9260,2.442115067703061,62,71,27.97902534562845,0.5875493349984836
5,8.960203153698963,11485,1.4279370711305015,89,65,21.128078661829825,0.1799642518923652
5,6.930825157638456,1239,1.6033074802122846,27,26,31.762821914521336,0.7989235179105855
1,7.701485467278783,10653,2.419464246831529,38,32,22.052752432214113,0.05579322048930494
4,8.328577291793538,11717,0.9988313206126933,98,48,32.12797522815235,0.4889083984262829
4,5.641881727547204,13249,3.5177499013401694,61,48,26.253140139179347,0.30384803296432644
4,5.67086226543041,9364,3.981991786435925,82,74,26.55782401449396,0.4080815016342369
9,6.617598403779631,8969,0.9662824678516531,47,68,18.51421895363444,0.5371382289196662
3,9.83465240587975,5217,2.0333370620735955,38,61,23.342472273834264,0.25486697388876706
3,6.392781748621394,5792,0.9987020748226915,83,32,30.32717912979719,0.5773500731798351
7,7.907644825152008,8257,0.5988473698689915,41,56,28.97268349641152,0.5770695779727326
1,5.494567734965751,1920,2.858374656168797,49,59,23.806332249814226,0.38374668317127675
1,4.468683492332128,10727,2.857785956632009,59,47,23.115169632099086,0.17064525657365626
6,6.620776768015347,4882,2.8358915725089555,81,37,18.452203925270588,0.5293285144216137
2,5.30285244210631,2776,1.8492257043257234,69,49,21.484242112298013,0.35715942233814424
1,6.738532544117627,10840,0.6285641094480081,25,35,22.72921893444751,0.09906796669562375
4,7.756439492281629,12891,0.6356362061047421,51,20,26.495947915809033,0.27019917135641364
7,6.55546150726391,3270,3.164218303181199,31,62,24.42011061488627,0.5652355662228883
1,6.597964529547678,6662,2.8375331507848305,91,46,25.39025774464813,0.29989898672391024
6,5.388865535936805,13052,2.853718723813885,25,66,31.78623962711975,0.5878024792295156
4,6.478514420418119,5082,3.0768947566374094,82,65,26.71093444937442,0.4975964847152438
2,4.8226008036089,4177,0.9209793336452933,54,37,18.325546971848564,0.44941206648411103
8,4.78067332428225,3934,1.5887058037155297,57,34,19.987485049648765,0.6135549855863561
1,9.982696737006501,13071,3.8095536389426874,54,23,25.847428318796872,0.07978630378618738
4,9.268816236355432,3011,2.326177039311513,61,43,28.912351257838836,0.5600156397287477
4,5.33673729918585,9328,2.1240812761042376,85,55,24.195542739101725,0.331392358165331
5,4.209140764185789,8931,2.088121289199059,55,27,20.361637311813602,0.3842897797196371
6,4.6375606429569585,14865,0.7754523252424177,84,57,25.738411555668257,0.3429074588861869
6,5.557377907503426,1694,3.7238753177448913,91,62,20.526622867524217,0.5568733741702804
8,8.147972291945738,8622,3.0284542165726607,74,23,28.14176532404479,0.5685699214349443
2,6.910383045590958,9185,1.6222983048989392,78,63,20.61851547317209,0.19480678955451675
4,9.95919293059514,13297,2.0280682245222024,25,77,22.09699038718714,0.04768879616216107
6,9.788525488730926,12901,0.9058213657551224,41,39,34.38907950081109,0.5794793527264834
4,8.965497263291056,2450,0.5196545860694763,36,48,20.802734423432202,0.3737287378736108
7,8.535188950093287,4972,2.201247076803937,42,68,20.42431295271817,0.4456483638210437
2,5.009363734539614,8906,2.1716602579036963,31,60,31.15248380184645,0.5291942575201569
5,8.717229298424627,3851,2.824581650207412,66,54,26.479207132149874,0.5010933116178621
3,5.312606241109711,1268,0.9941235069098262,37,29,25.471981117954446,0.5367827868570789
3,6.258480016571231,8740,1.0646489109579478,31,26,22.049670711748746,0.2092872427328169
2,5.299516812421727,12214,1.174519629017801,48,60,22.046577134329873,0.11214360829284352
6,7.904319271991961,6508,2.6883008379283666,26,20,18.931035072508326,0.44165564516338074
8,8.249004910981414,11361,1.6078826214175042,92,39,21.33674294714066,0.3013359236750314
9,7.412070718315436,8441,3.0553218190807487,83,48,21.221977660588657,0.4325406816194535
2,9.216503786536006,12877,1.5686344024832795,94,61,34.00757833973354,0.4350516579429187
3,8.332556475652806,4596,1.3934003551681855,81,73,26.904779904372916,0.43531144518196885
5,6.337084572693676,8581,3.318452062484713,43,39,18.21752486864236,0.41904739433592014
8,9.507404147936708,4140,3.3911815995010826,46,25,28.504225615386904,0.6571724805474053
2,8.474748476625352,9076,2.6889344245906894,60,59,33.62861976413586,0.5310990830506899
7,6.518681433279919,3592,2.6918818658706343,77,40,22.194663512269507,0.47766899912132293
2,4.4391826349256736,10350,3.6033603571902417,71,47,19.524229725351553,0.26604221111926174
8,6.446305806785011,6564,2.3259643636872163,37,55,27.697801104407915,0.6433359306826811
1,5.325749956659513,6250,0.628134401176412,93,36,27.87998581087317,0.43085541761510326
2,5.244795376017293,13202,3.964371167809081,33,48,32.09936873643219,0.4540081266997691
2,8.569491787689863,9110,1.6926056701148995,80,28,24.244182861348456,0.18779687259869973
9,6.998269530483043,11820,0.9892462596726114,54,44,18.513255808834973,0.45907326976042123
4,8.717485183867797,9737,1.8525496399823573,42,40,22.25647439354926,0.16951316322506194
1,9.40828063900539,10181,2.195056128446191,46,67,26.346242930879704,0.1815932278191016
6,6.941208304149347,8584,2.64556180918271,39,62,32.87126276663362,0.6975979078990991
7,7.616558723096254,10167,0.9007584198791732,85,22,25.824883515500797,0.4238358104275579
8,4.403937899958047,8199,1.9594041249055456,59,62,26.01916254813454,0.5923292532516782
2,4.799140883806422,12047,3.4568120214068863,78,59,27.02619373074419,0.30878586905944483
6,6.117254940720125,12423,1.965126035039401,63,78,31.174949123829816,0.5632409247042731
4,4.2461451598847235,5310,1.9314861908111252,26,45,18.499686070001005,0.5021504820191861
9,4.35799640652676,4006,2.3717136538553656,99,40,25.42177220163707,0.7093666697892568
1,9.588191761436075,3715,2.6263436565342415,24,71,20.09251723793631,0.24510292529061625
9,8.058818090233036,3212,1.2960488070374117,27,34,26.043485290809294,0.6616548731189744
4,6.110944923622881,9212,2.686918233632339,52,62,26.944770505925888,0.4151464188370191
7,6.568736910064523,5681,3.358209307701839,48,37,18.188345046781762,0.5570922725135833
8,5.832200805452147,4500,2.7989850197015884,41,45,31.33863379769697,0.8400398951306791
2,8.808259749179545,8545,2.3783686104996358,20,29,19.078872555061416,0.2202205340984438
1,4.989897951016211,10574,2.080725233246063,90,26,18.97678345041919,0.2309143323817403
1,6.654203584444139,5183,2.394612974963011,69,26,28.778591967907552,0.4571118163613685
8,4.290018373973517,3588,3.5487539012663287,36,41,26.174447974282973,0.7121456767579055
7,8.453477590445452,6384,0.8855640239848015,91,31,28.435358049274257,0.5896649249199797
7,5.038047931940231,13874,2.3598711414723423,60,31,21.157552826058236,0.2884486686744021
7,9.177997289714842,3733,0.7205074801159954,35,24,18.239580473287045,0.5392542653763883
4,5.054653806886797,1976,1.937029441342814,32,58,22.826165576697548,0.46624478101033606
4,6.695351445781624,3254,1.411277061197596,32,58,19.358713503336315,0.4615076513762908
9,5.454791255832712,2410,2.3972897501633574,64,60,32.04621159887705,0.9615704514813591
1,8.600819217078687,12135,1.6438877404364245,40,73,34.250283889273874,0.44041052377811396
1,7.223668713198515,3953,3.4973675429447315,66,71,33.14118637696508,0.6312213641161054
1,4.987019171766725,2748,2.1410560529741667,20,66,21.09790036019577,0.34322340882815977
3,5.455114959517084,13638,3.684659671123962,84,40,32.91694638925102,0.5042766699469522
3,4.338716286937109,13928,3.056255378483695,22,45,23.3252708685359,0.1765448877563943
4,7.6567525353320365,14088,3.8595947774856882,46,44,31.357983259142607,0.41993176794731635
4,7.078486758052923,6611,1.0864779182020252,82,26,24.642979351465414,0.37118107842072745
5,7.9427128124772945,5018,1.5546999331610216,95,23,23.75388980890006,0.3928139393827433
7,9.649515952653232,7495,2.7643873256095537,32,60,23.272330057929672,0.34674814139689303
5,9.90243047953052,4969,1.5554467481530208,25,46,30.14617997511651,0.5783615244476025
3,4.743122640242349,11179,1.57089571737313,20,32,24.289335577146513,0.26815460110664396
8,7.718906436699995,2560,2.1706296860142666,31,29,29.578714069095433,0.7775298279443421
2,8.730708935763248,14680,3.954347768308814,22,67,26.856680457989427,0.14399484841157
7,7.297912489792256,1256,0.970867706339418,78,52,19.284819196341534,0.6066615743434334
9,8.588224396367725,8417,1.961245958999398,26,35,27.84475103755271,0.588368187095146
7,5.478563865264717,5443,1.640126431281573,62,62,31.873818405129636,0.808946936799722
5,7.592071809600911,5581,3.3038326428925218,48,74,18.095899208653634,0.46562815502504357
6,6.969470169791338,5254,2.5047444912340655,77,78,26.807607437879476,0.5575803368556395
2,9.691326145458522,9938,3.720861591235696,54,73,28.535302463054315,0.29623056447392715
3,5.825344372001826,4472,1.8911174350313489,43,44,28.885660714016474,0.5707080023335733
8,7.104170156117858,2354,3.6586816057638267,63,56,20.088036396645922,0.5919418395845871
6,8.989841213387969,9755,1.3542133312033788,27,59,27.414472901401687,0.42197740467282774
8,9.966454833001723,11131,1.2304662805391804,96,40,34.804684285416855,0.7055219306717585
9,4.564016356356468,11754,3.4533525141631882,23,42,32.20118878652848,0.7628991637316392
5,5.879883114445012,4993,1.0301335566240333,36,53,25.554639095701525,0.508548696644239
2,7.2164718895572015,11668,2.895931183536929,96,38,18.876470644715617,0.1905528712920823
9,9.166630021683805,6992,0.8524525836777046,39,20,29.87910080784785,0.6825741232454284
6,6.209319197094503,8058,2.9469576218725266,24,47,28.552866353626115,0.5714531595141905
6,8.993260442929047,8141,3.7071862158666207,80,58,34.224693545541115,0.7077744974176432
2,4.331970636973549,11631,3.4244537001164232,73,23,25.96479692240589,0.29165326240081463
5,6.343173497326561,11708,2.552644773748327,87,78,33.994915292123245,0.6410353167825621
2,8.07337872839948,11989,2.1039407711760787,64,66,23.468444048539837,0.10208863895810288
9,9.320868786835696,10355,2.9353178344822486,97,59,18.98648230171682,0.4211929339356669
5,4.230110757241235,1510,0.9245813020478204,37,46,25.544446883649982,0.6322230562300153
3,9.383024011777227,12812,1.4657833008676764,84,35,19.646462654585157,0.1188845916319458
6,4.241362736153516,2264,3.600253586359848,69,40,33.46038908638994,0.9369368770656821
1,9.89753932471485,12340,1.3165537052489693,40,51,32.249028442400984,0.33157183528004736
7,4.392769202238391,6262,1.784274058265567,73,32,22.809075202655222,0.48679277005139865
5,9.456174687620788,10605,3.1369442253451987,36,21,26.685429971897342,0.32748680905315847
2,7.095636630275409,7789,2.400616995142834,54,65,25.884100160708186,0.3147880853543127
6,4.0861995505360635,13102,1.5353796822663763,81,56,22.038900031963294,0.26472940328359124
4,8.795260501419225,8962,3.25799541441171,91,67,23.31703599321399,0.22480893530473992
3,9.41000416473578,9584,2.3382166555636354,45,30,24.507406068228992,0.20182153877055203
7,4.544333452465098,6000,1.5049170808074677,74,26,24.533505721620216,0.5519732040699618
3,8.151200122770675,11994,3.1520349891396338,99,25,34.00689480726598,0.5183621169211095
5,5.610676836224096,14413,3.081510589850801,70,20,30.241422690916163,0.45729966259656274
8,4.602671266794388,5321,0.5551733870432695,53,50,25.166687373632794,0.6261764722733338
4,5.009696045786855,1555,1.2990937160116314,65,68,28.568543979042964,0.6856698883925229
3,7.161660430448061,4295,2.1138345142016823,82,57,20.094402091618832,0.3621608373200691
6,8.834434941782918,8395,1.5472635124680343,84,29,29.546281696484428,0.5358794758728966
2,4.5042060881262564,7903,1.1791699423011621,67,20,31.748767368296765,0.5872575384451488
8,8.834917766527312,1455,3.330091760636213,43,28,32.61572819874523,0.8873571069049319
8,6.308904552725355,12640,1.9256129630492744,60,68,27.64446030807589,0.49788403981418294
8,5.777791023305148,9013,1.1096972244942886,34,74,23.46802861254696,0.4469753817471433
8,7.570924388720549,10317,0.7637504141727178,88,72,28.849180138809707,0.5671965124909883
2,9.00421594402954,10141,2.9045091618120598,47,41,33.2080878544368,0.47732104237024103
8,5.216186607673224,7563,2.7035329715658736,41,77,26.739267326330854,0.6141740306868253
9,7.847579254961292,2982,1.660908936752367,83,78,20.477951872949035,0.5809148539689969
1,5.954725053069538,9839,3.8681241110045828,44,39,34.08784684769718,0.5539578022197704
8,7.974924058099024,6379,1.0042848275930796,20,28,20.906321077180557,0.44396277927621136
8,4.265704017378252,4236,1.1844946992727154,27,69,28.51279409109685,0.7818393509291338
2,6.308329313521886,4745,1.048680430523967,71,46,21.092000142891017,0.2994941500353532
1,6.627425581484731,6066,0.668255915639947,63,79,23.821595351206092,0.2567256945159521
2,5.627824142657725,4383,2.2411042612730894,73,38,26.948497093179824,0.47115858802355287
7,9.858686339423603,9819,0.7261325442213091,33,55,18.345233776621146,0.3718935398455351
7,5.243562562825504,8374,3.414399466078116,20,24,31.60256533083733,0.7339596022415505
4,5.9713002940191435,8149,2.0247426775992716,24,24,19.199068804009496,0.36649543638401083
3,4.172945690945718,7330,3.5914311687175537,76,30,33.410444308304704,0.7055980368930976
4,9.674413681833993,12918,1.6424511997301496,87,44,27.202773962556197,0.2488177564927479
3,6.234242787888757,8942,1.4764072559359929,81,58,18.005292397040954,0.34800094740991594
7,4.576381139047523,4438,3.1892970326633656,65,20,33.803651008260275,0.9249953337634061
8,7.554020056765873,11817,1.6635966438889134,43,77,31.82023056901903,0.639056674460854
1,4.6224957948915835,2636,2.175998742126067,95,24,30.037544134120594,0.6134032482146919
8,9.607619667152607,10392,2.055083839261294,82,67,18.73955318233495,0.3860696155747321
6,5.5795628726249245,11328,3.8556944114861627,92,73,25.623692620599556,0.40146220939264976
6,7.504680492819098,8622,2.932576557323969,32,32,32.68737517756567,0.6763960914139939
7,8.559380810659142,3277,3.161691916519879,94,41,28.88931550648612,0.6786487039631937
1,8.018630837010456,12187,1.0751706935759842,61,72,19.53178914556511,0.09861820840016237
2,7.16354709486646,2898,0.8262503010240623,84,74,18.989804766724742,0.3996682838731194
1,7.5503240719317954,6810,2.5275975672157047,45,35,21.84452388607666,0.15604400330637538
5,5.760608589187,11304,1.9449741752395595,67,64,21.755660290867958,0.23891299142727798
6,7.342196153453255,14856,3.1925938172538446,89,66,26.4173832845284,0.3023750599112258
6,6.247997412943047,5383,1.8033653433356016,37,37,21.529563837095537,0.4146738567566528
4,5.794609607128349,3795,3.1453927035553955,20,36,28.76619336239534,0.6197316258482013
3,8.971228954076624,8817,1.1614539875168723,77,62,22.27404486190149,0.15000099641728318
2,8.018733632421688,11382,3.650064279661031,87,41,18.36904772821152,0.19647071406359667
5,6.1307536817976755,12749,1.6329861312725242,44,71,18.54273181576824,0.31151671575835105
5,4.048578956169448,13954,3.5684792449957037,39,59,23.035485284925254,0.24492449023329674
2,7.9212674522915245,10687,3.129299496670492,32,48,18.372577135458222,0.21549432035239555
4,5.695771347048241,2210,0.5795458001790194,58,37,24.302696764288328,0.4986208413833758
3,9.573183589930103,3136,3.2128348933292785,69,79,27.221852019407418,0.45210706909582676
3,4.67310560510854,10147,3.7339691330046296,40,45,28.65449032193874,0.4530262724537166
5,5.645621136428765,8374,3.7723068448865353,65,51,30.77225822503665,0.6216428934207209
6,7.781047494829091,11339,2.654782683469729,58,46,19.945018490179084,0.29112642183994036
9,4.028443146406564,4936,1.5857909364100373,36,40,25.779892268280168,0.7078377033841194
2,8.528415251235472,14817,2.7963198292894083,31,74,32.46024583908875,0.34870505101623084
3,7.690495447149775,4861,2.8919298812566256,35,63,32.66222032138897,0.6531341891991111
3,4.4036864705997525,11889,2.0226550689453333,34,25,23.0568017343164,0.2145191636873469
4,7.282164750781157,1800,2.0401000493794137,33,39,24.611969676773754,0.4814022226108302
4,9.643782899747368,10909,0.5188892235197133,37,59,28.73308196293962,0.3535840478072844
8,4.069650243072137,1866,1.2093006555670858,92,77,20.335777200465717,0.66808992593154
2,6.745120890595663,11834,3.370528305777581,59,31,21.17822661015524,0.11449240872858304
3,8.806382585029938,1637,3.9338501753598383,88,31,18.721707555916574,0.43640966000798653
2,8.336758630900412,14831,1.6652153258300224,31,43,21.277499358513833,0.0
8,6.432498630813916,13406,1.4584977808540966,97,45,24.67196556693213,0.3686306707628604
1,8.554483603153853,11074,3.676183508598217,38,32,20.574964961754006,0.07475045697465353
2,5.9355028519980895,1368,2.8994663573977446,58,65,18.001076626886167,0.5021639303048714
1,8.871487961396848,2703,3.915496276241632,23,32,25.95109597548301,0.36096262587124656
1,7.742491085902237,6022,2.8173803000184,52,27,23.790615862562284,0.22971820569839635
6,7.023358631501218,5423,1.0847114280722887,53,49,27.23370188848179,0.5676399382725302
7,4.332658759209014,13437,3.3826614306255984,91,75,22.36169900522464,0.2986294364315134
4,9.465521124667678,13673,1.202699221472292,68,40,31.660680600036745,0.39722146985294365
5,6.143184214423208,11108,0.6073289392136942,57,53,23.359891642499846,0.274843369332646
4,4.363715533642351,10310,0.640857439355645,84,20,34.972344819811255,0.7218402327259854
5,6.755025967755616,4643,0.8051471145830067,88,34,25.051345353984658,0.4776128888040246
3,8.141987390383383,10030,3.4447181819540678,76,79,29.142821305049857,0.3897235247907943
8,5.8422864416563725,1466,0.9873645341508452,98,36,27.08425045126897,0.7588952294818495
2,8.039229688652767,8993,2.5013006240160145,72,69,21.603015087085673,0.1364773555546568
3,6.600185064226618,6322,0.7029416383622129,25,33,32.11307384797947,0.6242688703247896
9,5.7661288592547795,5067,1.7517320747510876,66,64,34.3175073222885,0.9721702527668931
1,7.160761107475288,10068,3.862480246249849,78,24,33.58455928871887,0.5010328076801571
1,8.085591127364363,14579,3.642071529416612,75,44,23.78081009103234,0.014273809933034289
8,8.509362583487674,13948,3.3535360018843035,79,29,23.939532275569732,0.2787894233751104
3,8.9754288635589,12742,1.6359350453750134,90,41,24.757890058885433,0.14508464763601522
6,5.6194030959572245,14583,3.2137831520377227,62,65,25.72581427625198,0.3255376913983695
4,7.5636643754617,6787,0.7228225149171501,93,75,29.63599570247899,0.5362019020436658
3,7.100764380851258,2354,3.4642391488142787,68,44,20.84272420412315,0.383413629515973
6,6.161606785443034,7802,3.7272708233434693,39,42,22.856753076738492,0.3723058252637084
6,4.4352961721288695,2169,3.805637477596456,20,56,28.54821567764423,0.7564770313628963
9,6.808976781391783,14115,2.48589995891989,46,26,21.504866939568934,0.29973708510761005
9,5.855782274537554,13147,2.7005656313066995,62,61,24.411733097112716,0.41564441748380937
4,8.78241875509143,11309,1.1445696175456788,86,46,24.286243728339635,0.20353357666337094
6,4.248491053898192,7798,1.6674758015609532,99,43,30.618006218248098,0.6999863935505045
3,6.964266943875408,11902,0.9853968063537387,28,56,26.16750203505911,0.2650879358580173
6,5.207675214561565,12255,0.7637602210958785,32,37,33.89524681709378,0.6878950692611743
7,8.798205442094975,2110,3.4972924055846417,82,50,21.370911267695416,0.47414336433811405
3,9.285116002357293,3006,2.7112796615657584,80,65,31.492959959581984,0.617040470653623
7,6.106122033820448,9997,1.2319458099931306,41,76,28.51570715186441,0.5619907633191397
9,7.28858989302217,7842,1.7320208133775032,95,70,18.100972592932717,0.5631389996172749
2,7.76876411120829,8158,0.6429488881392935,63,36,18.944458640344237,0.259567264869189
7,8.77567285100725,14327,2.8948011830837976,70,43,29.477551140841697,0.4276998108878171
9,5.607540698565487,7519,2.7741839925727123,63,47,25.3795466437958,0.5927394484848364
2,6.110584737456045,12091,3.6550773308226487,30,78,31.25411752402529,0.42929332858401503
4,9.63001687162018,3171,1.9753789147711776,90,27,28.98522570353066,0.5500615091851171
8,5.471861239215181,4803,1.9561571844062138,92,62,20.30728486040025,0.5642569722521759
4,4.057810174049127,8885,2.1943381125662027,71,42,24.551660392953107,0.38591566815266953
9,6.353662597655008,7919,2.8482431495320624,83,67,24.62590507581622,0.5377211822547705
4,7.129700388263115,5735,0.9084071359047565,58,41,33.05367097108328,0.6960057897367048
8,5.459022323967417,7929,3.8790214176583606,79,59,34.37362558136617,0.8762098620644415
2,6.7004309594669,7097,1.7698577916691198,53,44,18.674492709680464,0.32081331993594997
8,7.6822494574554465,2192,3.4305102242617354,84,65,18.134519296527323,0.6527024830840826
4,6.257281616070047,14778,2.321174293407279,80,78,27.26019833496023,0.28853066877396516
9,7.998880090455892,3385,2.8369130375165583,66,67,22.342094101139487,0.5247450864830951
2,4.460665488475679,4997,1.5278149043285705,23,33,20.459601468778352,0.36098138688976605
9,4.956797481671948,5636,2.1405764400387675,96,68,18.08284017493509,0.6734612475941739
2,5.903828510323472,8171,2.3188774946946626,57,54,34.48358856098393,0.6460948014405143
5,7.493887236502429,9360,2.8504196886450526,44,23,29.2657549146091,0.4985355640764568
9,5.619050577191486,9768,2.5624970546388774,37,26,27.99610453175918,0.6329612779071354
8,6.068141971997224,4146,3.3354931938272667,40,72,28.194130229556063,0.7289030859998346
1,4.271757500519312,8536,1.952297253814018,68,65,30.49272926036026,0.49579481220496757
5,7.8515904098662475,11586,2.6021895076711483,63,27,34.53643047813064,0.6271599617289487
6,9.130266386993181,13583,3.055352150181638,99,71,28.06608818974928,0.349693781732832
